{"stats":{"minecraft:killed_by":{"minecraft:creeper":1,"minecraft:spider":1,"minecraft:zombie":1},"minecraft:picked_up":{"minecraft:raw_iron":2,"minecraft:leather":3,"minecraft:oak_log":6,"minecraft:diorite":16,"minecraft:cornflower":1,"minecraft:dirt":13,"minecraft:raw_copper":24,"minecraft:rotten_flesh":3,"minecraft:granite":4,"minecraft:beef":3,"minecraft:stone_pickaxe":1,"minecraft:gray_wool":1,"minecraft:oak_sapling":1,"minecraft:mutton":4,"minecraft:white_wool":1,"minecraft:cobblestone":20},"minecraft:used":{"minecraft:cornflower":1,"minecraft:stone_pickaxe":62,"minecraft:mutton":1},"minecraft:killed":{"minecraft:sheep":2,"minecraft:zombie":1,"minecraft:cow":1},"minecraft:mined":{"minecraft:iron_ore":2,"minecraft:cornflower":2,"minecraft:granite":4,"minecraft:grass":15,"minecraft:grass_block":5,"minecraft:oak_log":6,"minecraft:dirt":8,"minecraft:copper_ore":6,"minecraft:stone":21,"minecraft:diorite":16},"minecraft:custom":{"minecraft:time_since_rest":14590,"minecraft:interact_with_furnace":2,"minecraft:sprint_one_cm":727,"minecraft:damage_taken":1025,"minecraft:walk_one_cm":178654,"minecraft:mob_kills":4,"minecraft:damage_dealt":680,"minecraft:interact_with_crafting_table":1,"minecraft:fly_one_cm":1092,"minecraft:play_time":40560,"minecraft:deaths":3,"minecraft:sneak_time":135,"minecraft:jump":330,"minecraft:leave_game":1,"minecraft:walk_on_water_one_cm":1681,"minecraft:time_since_death":14503,"minecraft:total_world_time":40560,"minecraft:fall_one_cm":6626}},"DataVersion":3465}