{"stats":{"minecraft:crafted":{"minecraft:ender_chest":14,"minecraft:black_dye":122,"minecraft:blaze_powder":22,"minecraft:chain":280,"minecraft:wolf_armor":2,"minecraft:bookshelf":20,"minecraft:shulker_box":13,"minecraft:quartz_block":283,"minecraft:glass":1196,"minecraft:netherite_boots":2,"minecraft:beacon":4,"minecraft:chiseled_quartz_block":14,"minecraft:white_shulker_box":1,"minecraft:name_tag":1,"minecraft:gray_bed":1,"minecraft:glass_bottle":21,"minecraft:blue_stained_glass":8,"minecraft:emerald":3758,"minecraft:soul_campfire":7,"minecraft:cooked_porkchop":2,"minecraft:diamond_axe":3,"minecraft:prismarine_bricks":414,"minecraft:snout_armor_trim_smithing_template":4,"minecraft:clock":6,"minecraft:cartography_table":1,"minecraft:stone_slab":30,"minecraft:iron_block":180,"minecraft:gold_ingot":281,"minecraft:light_gray_dye":1,"minecraft:netherite_ingot":5,"minecraft:spruce_fence_gate":2,"minecraft:golden_carrot":111,"minecraft:prismarine":64,"minecraft:iron_nugget":559,"minecraft:experience_bottle":460,"minecraft:globe_banner_pattern":1,"minecraft:blue_shulker_box":1,"minecraft:bone_meal":651,"minecraft:spruce_fence":35,"minecraft:pink_dye":2,"minecraft:lantern":63,"minecraft:dark_oak_fence":6,"minecraft:light_gray_shulker_box":1,"minecraft:black_concrete_powder":944,"minecraft:spruce_slab":42,"minecraft:red_shulker_box":2,"minecraft:ender_pearl":2,"minecraft:spruce_boat":1,"minecraft:redstone_block":206,"minecraft:dark_oak_planks":12,"minecraft:wheat":27,"minecraft:netherite_pickaxe":1,"minecraft:enchanting_table":1,"minecraft:leather_helmet":1,"minecraft:glowstone":16,"minecraft:enchanted_book":52,"minecraft:red_stained_glass":8,"minecraft:golden_apple":25,"minecraft:gunpowder":8,"minecraft:fermented_spider_eye":4,"minecraft:white_bed":3,"minecraft:grindstone":12,"minecraft:oak_planks":1314,"minecraft:cherry_slab":18,"minecraft:pink_shulker_box":1,"minecraft:quartz_pillar":4,"minecraft:hopper":17,"minecraft:bow":1,"minecraft:chest":41,"minecraft:netherite_helmet":2,"minecraft:netherite_upgrade_smithing_template":12,"minecraft:ender_eye":18,"minecraft:cherry_fence":8,"minecraft:sea_lantern":822,"minecraft:white_banner":4,"minecraft:quartz_stairs":8,"minecraft:arrow":792,"minecraft:crafting_table":7,"minecraft:map":7,"minecraft:spruce_planks":41628,"minecraft:brush":9,"minecraft:hopper_minecart":1,"minecraft:gold_block":22,"minecraft:birch_planks":296,"minecraft:black_shulker_box":1,"minecraft:tnt":3,"minecraft:spruce_trapdoor":18,"minecraft:book":32,"minecraft:paper":216,"minecraft:emerald_block":149,"minecraft:yellow_dye":2,"minecraft:shield":2,"minecraft:stick":85764,"minecraft:iron_ingot":336,"minecraft:stone_sword":7,"minecraft:gray_carpet":3,"minecraft:shears":2,"minecraft:cherry_planks":36,"minecraft:coal":90,"minecraft:redstone":9,"minecraft:fishing_rod":2,"minecraft:netherite_sword":1,"minecraft:spruce_button":64,"minecraft:furnace":1,"minecraft:glass_pane":2322,"minecraft:flint_and_steel":2,"minecraft:scaffolding":558,"minecraft:netherite_chestplate":2,"minecraft:netherite_leggings":2,"minecraft:yellow_shulker_box":1,"minecraft:iron_axe":10,"minecraft:minecart":1,"minecraft:glistering_melon_slice":1,"minecraft:cooked_beef":27,"minecraft:sugar":3,"minecraft:red_dye":9,"minecraft:crimson_planks":260,"minecraft:diamond_sword":13,"minecraft:bucket":1,"minecraft:amethyst_block":64,"minecraft:air":0,"minecraft:jungle_planks":16,"minecraft:black_stained_glass":8,"minecraft:blue_dye":4,"minecraft:gold_nugget":859,"minecraft:white_dye":3,"minecraft:black_carpet":90,"minecraft:anvil":2,"minecraft:coast_armor_trim_smithing_template":4,"minecraft:acacia_planks":60,"minecraft:torch":584,"minecraft:lapis_lazuli":93,"minecraft:lapis_block":59,"minecraft:firework_rocket":498},"minecraft:used":{"minecraft:beetroot":1,"minecraft:dispenser":2,"minecraft:spruce_slab":45,"minecraft:elytra":431,"minecraft:black_carpet":60,"minecraft:chest":16,"minecraft:stone":31,"minecraft:white_shulker_box":3,"minecraft:quartz_stairs":16,"minecraft:rotten_flesh":9,"minecraft:soul_sand":137,"minecraft:blue_stained_glass":1,"minecraft:spruce_boat":1,"minecraft:quartz_pillar":39,"minecraft:grass_block":4,"minecraft:birch_sapling":9,"minecraft:quartz_block":3,"minecraft:bow":1391,"minecraft:sweet_berries":3,"minecraft:ominous_bottle":1,"minecraft:oak_sapling":37,"minecraft:furnace":3,"minecraft:egg":2,"minecraft:potato":146,"minecraft:dragon_head":1,"minecraft:diorite":20,"minecraft:end_stone_bricks":4,"minecraft:red_stained_glass":2,"minecraft:chorus_fruit":2,"minecraft:blackstone":34,"minecraft:oak_leaves":15,"minecraft:golden_apple":26,"minecraft:netherite_helmet":1,"minecraft:chiseled_quartz_block":33,"minecraft:black_concrete_powder":953,"minecraft:deepslate_iron_ore":1,"minecraft:diamond_sword":1162,"minecraft:nether_wart_block":1,"minecraft:dark_oak_fence":19,"minecraft:birch_log":1,"minecraft:oak_trapdoor":13,"minecraft:enchanting_table":2,"minecraft:trial_key":7,"minecraft:netherrack":1853,"minecraft:torch":712,"minecraft:light_gray_shulker_box":37,"minecraft:dragon_egg":1,"minecraft:anvil":2,"minecraft:nether_quartz_ore":50,"minecraft:red_shulker_box":36,"minecraft:sea_lantern":882,"minecraft:iron_block":177,"minecraft:iron_axe":1,"minecraft:cherry_slab":16,"minecraft:totem_of_undying":3,"minecraft:bamboo":64,"minecraft:diamond_chestplate":103,"minecraft:basalt":15,"minecraft:glowstone":5,"minecraft:cobbled_deepslate":444,"minecraft:cherry_fence":10,"minecraft:wheat_seeds":66,"minecraft:water_bucket":61,"minecraft:birch_planks":3,"minecraft:lead":2,"minecraft:yellow_shulker_box":42,"minecraft:cartography_table":1,"minecraft:spruce_fence_gate":2,"minecraft:polished_blackstone_bricks":44,"minecraft:rail":22,"minecraft:tnt":4,"minecraft:crafting_table":9,"minecraft:white_bed":12,"minecraft:cod":1,"minecraft:spruce_log":8,"minecraft:ender_eye":4,"minecraft:diamond_pickaxe":10162,"minecraft:ominous_trial_key":4,"minecraft:diamond_shovel":3875,"minecraft:wind_charge":4,"minecraft:iron_pickaxe":3,"minecraft:spruce_trapdoor":20,"minecraft:spruce_sapling":684,"minecraft:crimson_nylium":25,"minecraft:cobblestone":259,"minecraft:potion":22,"minecraft:cooked_porkchop":86,"minecraft:brush":37,"minecraft:kelp":139,"minecraft:decorated_pot":6,"minecraft:shield":106,"minecraft:nether_wart":26,"minecraft:bell":44,"minecraft:soul_campfire":7,"minecraft:spruce_leaves":628,"minecraft:carrot":168,"minecraft:tuff":8,"minecraft:obsidian":57,"minecraft:glass":257,"minecraft:quartz_slab":10,"minecraft:lantern":35,"minecraft:hopper_minecart":21,"minecraft:stone_bricks":1,"minecraft:red_carpet":7,"minecraft:magma_block":1,"minecraft:scaffolding":574,"minecraft:blue_shulker_box":13,"minecraft:gray_bed":1,"minecraft:beetroot_seeds":81,"minecraft:gold_block":4,"minecraft:end_rod":5,"minecraft:wither_skeleton_skull":12,"minecraft:gray_carpet":1,"minecraft:oak_planks":1,"minecraft:ender_pearl":65,"minecraft:redstone_block":3,"minecraft:diamond_axe":11953,"minecraft:golden_hoe":32,"minecraft:crossbow":2,"minecraft:end_stone":888,"minecraft:shears":716,"minecraft:firework_rocket":396,"minecraft:bread":38,"minecraft:deepslate":70,"minecraft:gravel":20,"minecraft:grindstone":12,"minecraft:chain":299,"minecraft:white_concrete":4,"minecraft:tropical_fish_bucket":1,"minecraft:bone_meal":623,"minecraft:experience_bottle":461,"minecraft:netherite_sword":2204,"minecraft:flint_and_steel":7,"minecraft:spruce_planks":21,"minecraft:ender_chest":26,"minecraft:cooked_chicken":1,"minecraft:dirt":603,"minecraft:hopper":16,"minecraft:prismarine_bricks":89,"minecraft:cobblestone_wall":7,"minecraft:diamond_helmet":1,"minecraft:shulker_box":95,"minecraft:granite":53,"minecraft:spruce_fence":29,"minecraft:dark_oak_planks":3,"minecraft:stone_brick_slab":4,"minecraft:bookshelf":38,"minecraft:polished_blackstone_brick_stairs":1,"minecraft:golden_carrot":120,"minecraft:black_stained_glass":1,"minecraft:emerald_block":177,"minecraft:soul_soil":36,"minecraft:netherite_pickaxe":62859,"minecraft:minecart":2,"minecraft:cooked_beef":5,"minecraft:cobbled_deepslate_wall":41,"minecraft:cooked_mutton":1,"minecraft:amethyst_block":1,"minecraft:glass_bottle":23,"minecraft:netherite_chestplate":329,"minecraft:baked_potato":333,"minecraft:brown_mushroom":6,"minecraft:black_shulker_box":8,"minecraft:beacon":9,"minecraft:waxed_copper_block":5,"minecraft:wooden_hoe":83,"minecraft:black_wool":3,"minecraft:apple":4,"minecraft:cracked_polished_blackstone_bricks":57,"minecraft:map":1,"minecraft:fishing_rod":11,"minecraft:cobbled_deepslate_slab":16,"minecraft:white_banner":3,"minecraft:pink_shulker_box":55,"minecraft:bucket":75,"minecraft:gray_wool":2},"minecraft:custom":{"minecraft:interact_with_crafting_table":364,"minecraft:open_barrel":10,"minecraft:bell_ring":106,"minecraft:leave_game":23,"minecraft:time_since_death":743564,"minecraft:damage_blocked_by_shield":2970,"minecraft:play_time":4391930,"minecraft:deaths":2,"minecraft:jump":47295,"minecraft:enchant_item":48,"minecraft:interact_with_furnace":131,"minecraft:traded_with_villager":4547,"minecraft:interact_with_cartography_table":3,"minecraft:sleep_in_bed":161,"minecraft:damage_dealt":222741,"minecraft:use_cauldron":14,"minecraft:inspect_dispenser":11,"minecraft:horse_one_cm":8714,"minecraft:interact_with_smithing_table":25,"minecraft:interact_with_anvil":88,"minecraft:inspect_hopper":18,"minecraft:sneak_time":609698,"minecraft:interact_with_blast_furnace":2,"minecraft:total_world_time":4391930,"minecraft:interact_with_stonecutter":19,"minecraft:time_since_rest":7282,"minecraft:swim_one_cm":1161004,"minecraft:fly_one_cm":10661402,"minecraft:open_chest":2119,"minecraft:fish_caught":8,"minecraft:fall_one_cm":1061690,"minecraft:animals_bred":17,"minecraft:open_shulker_box":2092,"minecraft:damage_resisted":2770,"minecraft:sprint_one_cm":6458743,"minecraft:drop":1078,"minecraft:talked_to_villager":1254,"minecraft:interact_with_brewingstand":34,"minecraft:walk_on_water_one_cm":340017,"minecraft:open_enderchest":505,"minecraft:interact_with_beacon":40,"minecraft:crouch_one_cm":2847978,"minecraft:mob_kills":4300,"minecraft:interact_with_campfire":3,"minecraft:climb_one_cm":484416,"minecraft:walk_one_cm":10902088,"minecraft:raid_win":4,"minecraft:walk_under_water_one_cm":2130739,"minecraft:boat_one_cm":25304,"minecraft:raid_trigger":4,"minecraft:interact_with_grindstone":29,"minecraft:damage_taken":32040,"minecraft:damage_absorbed":1059,"minecraft:minecart_one_cm":8,"minecraft:aviate_one_cm":20200609},"minecraft:broken":{"minecraft:shears":1,"minecraft:brush":9,"minecraft:golden_hoe":1},"minecraft:dropped":{"minecraft:iron_sword":2,"minecraft:lapis_lazuli":101,"minecraft:cooked_beef":6,"minecraft:chorus_fruit":26,"minecraft:glass_bottle":3,"minecraft:diamond":1,"minecraft:crafting_table":1,"minecraft:crossbow":19,"minecraft:weeping_vines":15,"minecraft:saddle":1,"minecraft:elytra":1,"minecraft:red_carpet":2,"minecraft:emerald":30,"minecraft:dirt":339,"minecraft:yellow_dye":1,"minecraft:gold_nugget":18,"minecraft:bone_meal":3,"minecraft:sand":64,"minecraft:sugar":11,"minecraft:iron_pickaxe":1,"minecraft:dark_oak_planks":4,"minecraft:fishing_rod":1,"minecraft:white_wool":17,"minecraft:bone":7,"minecraft:sugar_cane":16,"minecraft:iron_nugget":6,"minecraft:cooked_chicken":1,"minecraft:golden_chestplate":1,"minecraft:cobbled_deepslate":5837,"minecraft:pink_dye":4,"minecraft:wheat":11,"minecraft:obsidian":6,"minecraft:rotten_flesh":260,"minecraft:oak_planks":1,"minecraft:end_stone":179,"minecraft:glowstone_dust":2,"minecraft:nether_brick_fence":1,"minecraft:waxed_copper_block":5,"minecraft:leather_boots":3,"minecraft:acacia_sapling":7,"minecraft:leather_leggings":2,"minecraft:white_dye":3,"minecraft:spruce_slab":4,"minecraft:glass":2,"minecraft:cherry_fence":9,"minecraft:golden_boots":1,"minecraft:iron_ingot":4,"minecraft:netherite_pickaxe":1,"minecraft:wheat_seeds":130,"minecraft:clock":5,"minecraft:iron_helmet":1,"minecraft:feather":1,"minecraft:cobblestone":319,"minecraft:waxed_copper_grate":2,"minecraft:granite":32,"minecraft:spruce_button":128,"minecraft:chainmail_helmet":1,"minecraft:golden_apple":3,"minecraft:polished_andesite":1,"minecraft:gray_wool":2,"minecraft:wooden_hoe":1,"minecraft:diamond_helmet":3,"minecraft:potion":3,"minecraft:paper":7,"minecraft:string":15,"minecraft:spruce_sapling":8,"minecraft:stone_brick_slab":24,"minecraft:soul_soil":7,"minecraft:stone_sword":7,"minecraft:deepslate":127,"minecraft:stone_shovel":1,"minecraft:nether_bricks":6,"minecraft:pumpkin_seeds":6,"minecraft:stone":96,"minecraft:spruce_planks":141,"minecraft:diamond_pickaxe":4,"minecraft:spider_eye":12,"minecraft:stone_bricks":6,"minecraft:sandstone":101,"minecraft:bow":7,"minecraft:black_wool":1,"minecraft:quartz_slab":1,"minecraft:diamond_axe":2,"minecraft:baked_potato":114,"minecraft:ender_pearl":982,"minecraft:decorated_pot":1,"minecraft:leather":2,"minecraft:cod":2815,"minecraft:cobblestone_stairs":1,"minecraft:spruce_leaves":43,"minecraft:crimson_roots":11,"minecraft:amethyst_shard":1,"minecraft:gravel":33,"minecraft:chiseled_polished_blackstone":2,"minecraft:chiseled_tuff_bricks":1,"minecraft:pointed_dripstone":1,"minecraft:beetroot":1030,"minecraft:diamond_shovel":1,"minecraft:honey_bottle":1,"minecraft:carrot":220,"minecraft:chiseled_stone_bricks":2,"minecraft:poppy":226,"minecraft:leather_chestplate":1,"minecraft:beetroot_seeds":54,"minecraft:lingering_potion":5,"minecraft:acacia_slab":6,"minecraft:chest":1,"minecraft:basalt":2,"minecraft:arrow":128,"minecraft:white_concrete_powder":1,"minecraft:scaffolding":1,"minecraft:quartz":7,"minecraft:netherrack":1877,"minecraft:firework_rocket":1,"minecraft:water_bucket":1,"minecraft:bread":25,"minecraft:diamond_leggings":1,"minecraft:prismarine_shard":768,"minecraft:spectral_arrow":2,"minecraft:grass_block":1,"minecraft:acacia_trapdoor":1,"minecraft:stick":299,"minecraft:spruce_fence_gate":1,"minecraft:diorite":12,"minecraft:torch":25,"minecraft:nether_wart_block":31,"minecraft:iron_door":1,"minecraft:iron_axe":29,"minecraft:bucket":1,"minecraft:dandelion":1,"minecraft:smooth_basalt":1,"minecraft:redstone":12,"minecraft:kelp":1,"minecraft:tuff_bricks":13,"minecraft:sweet_berries":10,"minecraft:ender_chest":2,"minecraft:blaze_rod":1,"minecraft:tuff":1712,"minecraft:raw_iron":8,"minecraft:iron_hoe":2,"minecraft:acacia_leaves":5,"minecraft:glass_pane":16,"minecraft:flint_and_steel":1,"minecraft:shield":2,"minecraft:diamond_chestplate":2,"minecraft:andesite":2,"minecraft:cake":1,"minecraft:mossy_stone_bricks":1,"minecraft:golden_leggings":1,"minecraft:oak_sapling":2,"minecraft:golden_sword":5,"minecraft:diamond_boots":2,"minecraft:spruce_log":24,"minecraft:waxed_oxidized_copper_grate":17},"minecraft:killed_by":{"minecraft:drowned":1,"minecraft:endermite":1},"minecraft:killed":{"minecraft:shulker":45,"minecraft:skeleton":204,"minecraft:guardian":13,"minecraft:magma_cube":258,"minecraft:elder_guardian":3,"minecraft:ender_dragon":1,"minecraft:pillager":146,"minecraft:zombie":194,"minecraft:glow_squid":1,"minecraft:cow":10,"minecraft:evoker":2,"minecraft:vindicator":30,"minecraft:wandering_trader":2,"minecraft:ravager":10,"minecraft:breeze":14,"minecraft:enderman":2264,"minecraft:witch":19,"minecraft:spider":41,"minecraft:wither":4,"minecraft:silverfish":7,"minecraft:piglin_brute":7,"minecraft:piglin":67,"minecraft:zombie_villager":3,"minecraft:creeper":60,"minecraft:sheep":1,"minecraft:trader_llama":6,"minecraft:ghast":5,"minecraft:blaze":120,"minecraft:vex":5,"minecraft:slime":92,"minecraft:phantom":6,"minecraft:drowned":8,"minecraft:hoglin":42,"minecraft:squid":4,"minecraft:wither_skeleton":166},"minecraft:picked_up":{"minecraft:iron_chestplate":1,"minecraft:prismarine_shard":26,"minecraft:lead":17,"minecraft:enchanted_book":2,"minecraft:golden_sword":5,"minecraft:amethyst_block":2,"minecraft:polished_blackstone_brick_stairs":1,"minecraft:string":75,"minecraft:soul_soil":59,"minecraft:cooked_salmon":2,"minecraft:pufferfish":2,"minecraft:shroomlight":2,"minecraft:beetroot":11,"minecraft:diamond_leggings":1,"minecraft:gold_nugget":66,"minecraft:cobbled_deepslate":12277,"minecraft:spruce_planks":158,"minecraft:trial_key":9,"minecraft:hopper_minecart":16,"minecraft:enchanted_golden_apple":2,"minecraft:melon_slice":23,"minecraft:purpur_pillar":2,"minecraft:acacia_log":15,"minecraft:golden_axe":2,"minecraft:cherry_log":9,"minecraft:waxed_copper_grate":2,"minecraft:golden_chestplate":1,"minecraft:stone_sword":17,"minecraft:honey_bottle":1,"minecraft:armadillo_scute":66,"minecraft:iron_block":29,"minecraft:glowstone":5,"minecraft:bookshelf":248,"minecraft:end_rod":75,"minecraft:netherite_chestplate":1,"minecraft:blaze_rod":153,"minecraft:iron_bars":21,"minecraft:birch_log":56,"minecraft:magma_block":1,"minecraft:cooked_beef":14,"minecraft:iron_door":2,"minecraft:jungle_log":4,"minecraft:acacia_leaves":5,"minecraft:flint":275,"minecraft:cherry_fence":19,"minecraft:netherite_leggings":1,"minecraft:map":3,"minecraft:lantern":3,"minecraft:diamond_helmet":4,"minecraft:glowstone_dust":7,"minecraft:chiseled_polished_blackstone":2,"minecraft:ink_sac":173,"minecraft:iron_hoe":2,"minecraft:black_concrete_powder":9,"minecraft:dispenser":2,"minecraft:deepslate":150,"minecraft:granite":85,"minecraft:spruce_button":64,"minecraft:chainmail_helmet":1,"minecraft:bread":53,"minecraft:cherry_slab":16,"minecraft:dark_oak_fence":14,"minecraft:ominous_trial_key":4,"minecraft:crimson_roots":33,"minecraft:diamond_pickaxe":4,"minecraft:spruce_leaves":740,"minecraft:crafting_table":3,"minecraft:ominous_bottle":3,"minecraft:nether_wart":109,"minecraft:leather_leggings":2,"minecraft:dragon_head":2,"minecraft:purpur_block":6,"minecraft:wind_charge":19,"minecraft:cornflower":1,"minecraft:elytra":4,"minecraft:flint_and_steel":3,"minecraft:glass_pane":29,"minecraft:netherite_sword":2,"minecraft:beef":30,"minecraft:jungle_sapling":1,"minecraft:poppy":67,"minecraft:spruce_slab":7,"minecraft:minecart":1,"minecraft:quartz_stairs":4,"minecraft:chest":6,"minecraft:birch_sapling":9,"minecraft:egg":4,"minecraft:sandstone":101,"minecraft:stone":99,"minecraft:white_dye":2,"minecraft:carrot":364,"minecraft:redstone":1932,"minecraft:netherite_pickaxe":3,"minecraft:prismarine_crystals":9,"minecraft:tnt":1,"minecraft:stone_shovel":1,"minecraft:diamond_chestplate":4,"minecraft:cooked_cod":30,"minecraft:decorated_pot":19,"minecraft:beetroot_seeds":123,"minecraft:shears":2,"minecraft:diamond_boots":3,"minecraft:hay_block":32,"minecraft:flow_armor_trim_smithing_template":1,"minecraft:totem_of_undying":4,"minecraft:tuff_bricks":21,"minecraft:white_shulker_box":2,"minecraft:mutton":3,"minecraft:white_wool":76,"minecraft:rail":3,"minecraft:yellow_shulker_box":41,"minecraft:clock":1,"minecraft:tripwire_hook":1,"minecraft:red_mushroom":4,"minecraft:purpur_stairs":3,"minecraft:oak_log":324,"minecraft:ancient_debris":22,"minecraft:paper":2,"minecraft:white_banner":33,"minecraft:apple":4,"minecraft:stone_bricks":7,"minecraft:kelp":488,"minecraft:glass_bottle":12,"minecraft:iron_sword":2,"minecraft:smooth_basalt":1,"minecraft:sweet_berries":16,"minecraft:gravel":1172,"minecraft:spruce_sapling":724,"minecraft:spruce_log":10658,"minecraft:sea_lantern":99,"minecraft:dragon_egg":1,"minecraft:leather_helmet":1,"minecraft:firework_rocket":145,"minecraft:diamond_shovel":4,"minecraft:slime_ball":194,"minecraft:tide_armor_trim_smithing_template":1,"minecraft:diamond_axe":6,"minecraft:gray_wool":10,"minecraft:baked_potato":268,"minecraft:crimson_nylium":101,"minecraft:pink_dye":3,"minecraft:ender_pearl":1354,"minecraft:shulker_shell":33,"minecraft:wheat":51,"minecraft:black_carpet":30,"minecraft:ender_chest":18,"minecraft:nether_brick_fence":4,"minecraft:light_gray_shulker_box":36,"minecraft:potion":6,"minecraft:gilded_blackstone":7,"minecraft:pink_shulker_box":55,"minecraft:black_shulker_box":7,"minecraft:bucket":1,"minecraft:iron_pickaxe":2,"minecraft:deepslate_iron_ore":1,"minecraft:tipped_arrow":23,"minecraft:stick":841,"minecraft:torch":258,"minecraft:porkchop":11,"minecraft:pointed_dripstone":1,"minecraft:diorite":32,"minecraft:vine":35,"minecraft:quartz_block":3,"minecraft:nether_gold_ore":150,"minecraft:rotten_flesh":385,"minecraft:obsidian":340,"minecraft:cod":453,"minecraft:cobblestone":553,"minecraft:nautilus_shell":1,"minecraft:enchanting_table":1,"minecraft:leather_chestplate":1,"minecraft:magma_cream":85,"minecraft:andesite":2,"minecraft:golden_leggings":1,"minecraft:beacon":5,"minecraft:chiseled_quartz_block":1,"minecraft:potato":71,"minecraft:tuff":2736,"minecraft:prismarine_bricks":23,"minecraft:wither_skeleton_skull":12,"minecraft:lapis_lazuli":591,"minecraft:dirt":636,"minecraft:name_tag":1,"minecraft:leather_boots":3,"minecraft:glass":42,"minecraft:bone":775,"minecraft:bow":16,"minecraft:wheat_seeds":211,"minecraft:cobbled_deepslate_wall":3,"minecraft:raw_gold":232,"minecraft:cobbled_deepslate_slab":12,"minecraft:bell":45,"minecraft:bolt_armor_trim_smithing_template":1,"minecraft:mossy_stone_bricks":1,"minecraft:bamboo":698,"minecraft:prismarine":8,"minecraft:scrape_pottery_sherd":2,"minecraft:oak_planks":7,"minecraft:cooked_porkchop":143,"minecraft:sand":1731,"minecraft:grass_block":5,"minecraft:spectral_arrow":1,"minecraft:shulker_box":93,"minecraft:mossy_cobblestone":15,"minecraft:spruce_fence_gate":1,"minecraft:sugar":12,"minecraft:diamond":357,"minecraft:netherite_helmet":1,"minecraft:waxed_oxidized_copper_grate":17,"minecraft:cracked_polished_blackstone_bricks":97,"minecraft:white_concrete":8,"minecraft:crossbow":16,"minecraft:breeze_rod":72,"minecraft:bone_meal":5,"minecraft:golden_apple":20,"minecraft:emerald":115,"minecraft:oak_sapling":55,"minecraft:netherrack":4932,"minecraft:chorus_fruit":83,"minecraft:oak_leaves":8,"minecraft:nether_star":4,"minecraft:end_stone_bricks":9,"minecraft:fishing_rod":2,"minecraft:cocoa_beans":17,"minecraft:brown_mushroom":12,"minecraft:gold_block":10,"minecraft:chain":11,"minecraft:brick":34,"minecraft:shield":3,"minecraft:dragon_breath":1,"minecraft:oak_trapdoor":1,"minecraft:iron_axe":30,"minecraft:quartz_slab":5,"minecraft:blackstone":115,"minecraft:blue_shulker_box":12,"minecraft:sugar_cane":283,"minecraft:spruce_trapdoor":2,"minecraft:phantom_membrane":1,"minecraft:raw_iron":92,"minecraft:end_stone":1294,"minecraft:copper_ingot":1,"minecraft:polished_blackstone_bricks":78,"minecraft:quartz_pillar":3,"minecraft:dark_oak_planks":3,"minecraft:arrow":764,"minecraft:weeping_vines":15,"minecraft:red_shulker_box":36,"minecraft:nether_bricks":35,"minecraft:saddle":9,"minecraft:wet_sponge":6,"minecraft:netherite_boots":1,"minecraft:basalt":39,"minecraft:golden_carrot":7,"minecraft:glow_ink_sac":5,"minecraft:crimson_stem":65,"minecraft:salmon":1,"minecraft:leather":66,"minecraft:birch_planks":3,"minecraft:crimson_fungus":10,"minecraft:waxed_copper_block":10,"minecraft:nether_wart_block":37,"minecraft:gunpowder":137,"minecraft:cobblestone_stairs":1,"minecraft:cooked_mutton":1,"minecraft:red_carpet":8,"minecraft:iron_ingot":29,"minecraft:cooked_chicken":1,"minecraft:acacia_sapling":7,"minecraft:soul_sand":205,"minecraft:book":65,"minecraft:scaffolding":21,"minecraft:nether_quartz_ore":50,"minecraft:emerald_block":55,"minecraft:chiseled_stone_bricks":2,"minecraft:stone_brick_slab":28,"minecraft:quartz":1689,"minecraft:dandelion":2,"minecraft:amethyst_shard":553,"minecraft:white_bed":7,"minecraft:mossy_stone_brick_slab":1,"minecraft:spider_eye":32,"minecraft:white_concrete_powder":1,"minecraft:black_wool":65,"minecraft:coal":279,"minecraft:chiseled_tuff_bricks":4},"minecraft:mined":{"minecraft:dark_oak_planks":2,"minecraft:dragon_wall_head":2,"minecraft:red_shulker_box":35,"minecraft:white_bed":7,"minecraft:cherry_log":9,"minecraft:jungle_leaves":37,"minecraft:obsidian":293,"minecraft:granite":135,"minecraft:chiseled_polished_blackstone":1,"minecraft:acacia_log":15,"minecraft:jungle_log":4,"minecraft:chiseled_tuff_bricks":5,"minecraft:crimson_fungus":2,"minecraft:nether_wart":26,"minecraft:chiseled_stone_bricks":3,"minecraft:polished_blackstone_bricks":88,"minecraft:weeping_vines_plant":6,"minecraft:tall_seagrass":22,"minecraft:magma_block":42,"minecraft:cobbled_deepslate":49,"minecraft:fire":51,"minecraft:deepslate_lapis_ore":46,"minecraft:enchanting_table":1,"minecraft:dirt_path":3,"minecraft:quartz_slab":5,"minecraft:white_shulker_box":3,"minecraft:white_banner":1,"minecraft:iron_block":29,"minecraft:tripwire":1,"minecraft:brown_mushroom":8,"minecraft:kelp_plant":104,"minecraft:crimson_nylium":231,"minecraft:amethyst_cluster":79,"minecraft:torch":122,"minecraft:melon":5,"minecraft:glass":65,"minecraft:sugar_cane":166,"minecraft:amethyst_block":2,"minecraft:cherry_slab":15,"minecraft:chain":11,"minecraft:cherry_fence":10,"minecraft:black_concrete_powder":9,"minecraft:light_gray_stained_glass":2,"minecraft:wheat":47,"minecraft:waxed_copper_block":9,"minecraft:stone_brick_stairs":1,"minecraft:blue_shulker_box":12,"minecraft:deepslate":50920,"minecraft:pink_shulker_box":54,"minecraft:mossy_cobblestone":19,"minecraft:end_stone":1058,"minecraft:sea_lantern":99,"minecraft:shulker_box":92,"minecraft:cobbled_deepslate_slab":7,"minecraft:nether_bricks":35,"minecraft:dark_oak_fence":15,"minecraft:crimson_roots":14,"minecraft:redstone_wire":1,"minecraft:kelp":29,"minecraft:red_mushroom":4,"minecraft:white_concrete_powder":1,"minecraft:acacia_trapdoor":1,"minecraft:waxed_copper_grate":3,"minecraft:andesite":11,"minecraft:chiseled_tuff":1,"minecraft:potatoes":23,"minecraft:vine":41,"minecraft:rail":20,"minecraft:bamboo":111,"minecraft:ender_chest":19,"minecraft:soul_sand":245,"minecraft:stone_brick_slab":18,"minecraft:dandelion":1,"minecraft:cobbled_deepslate_wall":3,"minecraft:cornflower":1,"minecraft:short_grass":317,"minecraft:purpur_pillar":2,"minecraft:tall_grass":32,"minecraft:deepslate_gold_ore":91,"minecraft:diorite":42,"minecraft:spruce_log":10654,"minecraft:birch_leaves":20,"minecraft:quartz_pillar":3,"minecraft:gravel":1661,"minecraft:cobweb":8,"minecraft:spruce_fence_gate":1,"minecraft:stone_bricks":4,"minecraft:gold_ore":11,"minecraft:fern":36,"minecraft:black_shulker_box":7,"minecraft:spruce_planks":7,"minecraft:mossy_stone_brick_slab":1,"minecraft:cobblestone_stairs":1,"minecraft:spruce_trapdoor":2,"minecraft:budding_amethyst":1,"minecraft:grass_block":191,"minecraft:cracked_polished_blackstone_bricks":108,"minecraft:white_concrete":8,"minecraft:soul_soil":114,"minecraft:tuff_bricks":18,"minecraft:gilded_blackstone":7,"minecraft:glowstone":6,"minecraft:iron_ore":14,"minecraft:black_carpet":22,"minecraft:pointed_dripstone":2,"minecraft:iron_bars":21,"minecraft:end_stone_bricks":10,"minecraft:spruce_slab":4,"minecraft:deepslate_redstone_ore":335,"minecraft:quartz_block":3,"minecraft:blackstone":157,"minecraft:purpur_stairs":3,"minecraft:chiseled_quartz_block":1,"minecraft:calcite":3,"minecraft:beacon":5,"minecraft:chest":5,"minecraft:nether_quartz_ore":790,"minecraft:cobblestone":125,"minecraft:oak_planks":7,"minecraft:prismarine":8,"minecraft:iron_door":2,"minecraft:wall_torch":58,"minecraft:seagrass":4,"minecraft:nether_wart_block":28,"minecraft:birch_log":56,"minecraft:tnt":1,"minecraft:purpur_block":10,"minecraft:oak_log":325,"minecraft:beetroots":159,"minecraft:waxed_oxidized_copper":2,"minecraft:sand":1689,"minecraft:dirt":356,"minecraft:tripwire_hook":3,"minecraft:dispenser":2,"minecraft:netherrack":9055,"minecraft:ancient_debris":23,"minecraft:oak_leaves":53,"minecraft:emerald_block":53,"minecraft:nether_gold_ore":158,"minecraft:tuff":6750,"minecraft:quartz_stairs":4,"minecraft:deepslate_diamond_ore":158,"minecraft:red_stained_glass":1,"minecraft:glow_lichen":1,"minecraft:decorated_pot":35,"minecraft:weeping_vines":4,"minecraft:soul_campfire":1,"minecraft:spruce_leaves":1030,"minecraft:sandstone":133,"minecraft:crimson_stem":72,"minecraft:large_fern":13,"minecraft:hay_block":32,"minecraft:oak_trapdoor":12,"minecraft:spruce_sapling":11,"minecraft:furnace":2,"minecraft:carrots":3,"minecraft:light_gray_shulker_box":36,"minecraft:gold_block":11,"minecraft:bell":44,"minecraft:nether_brick_fence":4,"minecraft:bookshelf":268,"minecraft:deepslate_iron_ore":24,"minecraft:shroomlight":2,"minecraft:lantern":3,"minecraft:chorus_plant":11,"minecraft:stone":780,"minecraft:yellow_shulker_box":41,"minecraft:podzol":3,"minecraft:acacia_leaves":5,"minecraft:scaffolding":21,"minecraft:magenta_stained_glass":9,"minecraft:basalt":44,"minecraft:crafting_table":3,"minecraft:polished_blackstone_brick_stairs":1,"minecraft:prismarine_bricks":23,"minecraft:birch_planks":3,"minecraft:gray_wool":2,"minecraft:waxed_oxidized_copper_grate":6,"minecraft:sweet_berry_bush":3,"minecraft:white_wall_banner":8,"minecraft:black_wool":3,"minecraft:coal_ore":5,"minecraft:cocoa":7,"minecraft:end_rod":80,"minecraft:cracked_stone_bricks":1,"minecraft:mossy_stone_bricks":1}},"DataVersion":3953}