{"stats":{"minecraft:broken":{"minecraft:shears":1,"minecraft:golden_hoe":1},"minecraft:mined":{"minecraft:dark_oak_planks":2,"minecraft:dragon_wall_head":2,"minecraft:red_shulker_box":8,"minecraft:white_bed":4,"minecraft:cherry_log":9,"minecraft:obsidian":293,"minecraft:granite":112,"minecraft:chiseled_polished_blackstone":1,"minecraft:acacia_log":15,"minecraft:crimson_fungus":1,"minecraft:chiseled_stone_bricks":3,"minecraft:polished_blackstone_bricks":88,"minecraft:weeping_vines_plant":3,"minecraft:tall_seagrass":7,"minecraft:magma_block":42,"minecraft:cobbled_deepslate":45,"minecraft:fire":50,"minecraft:deepslate_lapis_ore":27,"minecraft:enchanting_table":1,"minecraft:dirt_path":3,"minecraft:quartz_slab":4,"minecraft:white_shulker_box":3,"minecraft:iron_block":29,"minecraft:white_banner":1,"minecraft:brown_mushroom":7,"minecraft:kelp_plant":81,"minecraft:crimson_nylium":154,"minecraft:amethyst_cluster":79,"minecraft:torch":58,"minecraft:glass":52,"minecraft:sugar_cane":139,"minecraft:amethyst_block":2,"minecraft:cherry_slab":15,"minecraft:chain":11,"minecraft:cherry_fence":10,"minecraft:wheat":33,"minecraft:stone_brick_stairs":1,"minecraft:blue_shulker_box":12,"minecraft:deepslate":21582,"minecraft:pink_shulker_box":42,"minecraft:shulker_box":44,"minecraft:end_stone":877,"minecraft:nether_bricks":35,"minecraft:dark_oak_fence":15,"minecraft:crimson_roots":12,"minecraft:red_mushroom":4,"minecraft:kelp":22,"minecraft:white_concrete_powder":1,"minecraft:acacia_trapdoor":1,"minecraft:andesite":11,"minecraft:potatoes":18,"minecraft:vine":8,"minecraft:rail":20,"minecraft:ender_chest":13,"minecraft:soul_sand":216,"minecraft:stone_brick_slab":18,"minecraft:dandelion":1,"minecraft:cornflower":1,"minecraft:short_grass":135,"minecraft:purpur_pillar":2,"minecraft:tall_grass":22,"minecraft:deepslate_gold_ore":59,"minecraft:diorite":37,"minecraft:spruce_log":10593,"minecraft:birch_leaves":19,"minecraft:quartz_pillar":3,"minecraft:gravel":936,"minecraft:cobweb":8,"minecraft:stone_bricks":4,"minecraft:black_shulker_box":7,"minecraft:spruce_planks":6,"minecraft:spruce_trapdoor":1,"minecraft:budding_amethyst":1,"minecraft:grass_block":164,"minecraft:cracked_polished_blackstone_bricks":108,"minecraft:white_concrete":8,"minecraft:soul_soil":27,"minecraft:gilded_blackstone":7,"minecraft:glowstone":6,"minecraft:iron_ore":12,"minecraft:pointed_dripstone":2,"minecraft:iron_bars":21,"minecraft:end_stone_bricks":10,"minecraft:spruce_slab":4,"minecraft:deepslate_redstone_ore":207,"minecraft:quartz_block":3,"minecraft:blackstone":157,"minecraft:purpur_stairs":3,"minecraft:chiseled_quartz_block":1,"minecraft:calcite":3,"minecraft:beacon":5,"minecraft:chest":5,"minecraft:nether_quartz_ore":660,"minecraft:cobblestone":92,"minecraft:oak_planks":7,"minecraft:iron_door":2,"minecraft:wall_torch":58,"minecraft:seagrass":2,"minecraft:nether_wart_block":21,"minecraft:birch_log":56,"minecraft:purpur_block":10,"minecraft:oak_log":325,"minecraft:beetroots":159,"minecraft:sand":52,"minecraft:dirt":289,"minecraft:netherrack":7791,"minecraft:ancient_debris":22,"minecraft:oak_leaves":51,"minecraft:emerald_block":53,"minecraft:nether_gold_ore":150,"minecraft:tuff":3242,"minecraft:quartz_stairs":4,"minecraft:deepslate_diamond_ore":133,"minecraft:red_stained_glass":1,"minecraft:glow_lichen":1,"minecraft:weeping_vines":2,"minecraft:spruce_leaves":1005,"minecraft:sandstone":133,"minecraft:crimson_stem":72,"minecraft:large_fern":13,"minecraft:hay_block":32,"minecraft:oak_trapdoor":12,"minecraft:spruce_sapling":11,"minecraft:furnace":2,"minecraft:carrots":3,"minecraft:light_gray_shulker_box":28,"minecraft:gold_block":10,"minecraft:bell":44,"minecraft:nether_brick_fence":4,"minecraft:bookshelf":265,"minecraft:deepslate_iron_ore":9,"minecraft:shroomlight":2,"minecraft:lantern":3,"minecraft:chorus_plant":11,"minecraft:stone":627,"minecraft:yellow_shulker_box":30,"minecraft:podzol":3,"minecraft:acacia_leaves":5,"minecraft:magenta_stained_glass":9,"minecraft:basalt":44,"minecraft:crafting_table":1,"minecraft:polished_blackstone_brick_stairs":1,"minecraft:gray_wool":2,"minecraft:birch_planks":3,"minecraft:sweet_berry_bush":3,"minecraft:white_wall_banner":8,"minecraft:black_wool":1,"minecraft:coal_ore":3,"minecraft:end_rod":80,"minecraft:cracked_stone_bricks":1,"minecraft:mossy_stone_bricks":1},"minecraft:custom":{"minecraft:interact_with_crafting_table":252,"minecraft:bell_ring":106,"minecraft:leave_game":16,"minecraft:time_since_death":2867857,"minecraft:play_time":2868023,"minecraft:jump":36001,"minecraft:enchant_item":33,"minecraft:interact_with_furnace":91,"minecraft:traded_with_villager":4485,"minecraft:interact_with_cartography_table":3,"minecraft:sleep_in_bed":112,"minecraft:damage_dealt":118537,"minecraft:use_cauldron":10,"minecraft:horse_one_cm":8714,"minecraft:interact_with_smithing_table":25,"minecraft:interact_with_anvil":85,"minecraft:inspect_hopper":9,"minecraft:sneak_time":420271,"minecraft:interact_with_blast_furnace":2,"minecraft:total_world_time":2868023,"minecraft:interact_with_stonecutter":18,"minecraft:time_since_rest":40123,"minecraft:swim_one_cm":218033,"minecraft:fly_one_cm":8647445,"minecraft:open_chest":1487,"minecraft:fall_one_cm":802059,"minecraft:animals_bred":15,"minecraft:open_shulker_box":1224,"minecraft:damage_resisted":1910,"minecraft:sprint_one_cm":5245355,"minecraft:drop":666,"minecraft:talked_to_villager":1240,"minecraft:interact_with_brewingstand":6,"minecraft:walk_on_water_one_cm":218671,"minecraft:open_enderchest":298,"minecraft:interact_with_beacon":40,"minecraft:crouch_one_cm":1785018,"minecraft:mob_kills":1325,"minecraft:interact_with_campfire":3,"minecraft:climb_one_cm":7815,"minecraft:walk_one_cm":7446878,"minecraft:raid_win":4,"minecraft:walk_under_water_one_cm":1367245,"minecraft:boat_one_cm":94,"minecraft:raid_trigger":4,"minecraft:interact_with_grindstone":22,"minecraft:damage_taken":19931,"minecraft:damage_absorbed":497,"minecraft:aviate_one_cm":16350399},"minecraft:used":{"minecraft:beetroot":1,"minecraft:spruce_slab":45,"minecraft:elytra":333,"minecraft:chest":1,"minecraft:stone":31,"minecraft:white_shulker_box":3,"minecraft:quartz_stairs":16,"minecraft:rotten_flesh":7,"minecraft:soul_sand":34,"minecraft:blue_stained_glass":1,"minecraft:quartz_pillar":39,"minecraft:grass_block":4,"minecraft:birch_sapling":9,"minecraft:quartz_block":3,"minecraft:bow":1162,"minecraft:sweet_berries":3,"minecraft:oak_sapling":37,"minecraft:furnace":3,"minecraft:egg":2,"minecraft:potato":146,"minecraft:dragon_head":1,"minecraft:diorite":20,"minecraft:end_stone_bricks":4,"minecraft:red_stained_glass":2,"minecraft:chorus_fruit":2,"minecraft:blackstone":34,"minecraft:oak_leaves":15,"minecraft:golden_apple":13,"minecraft:netherite_helmet":1,"minecraft:chiseled_quartz_block":33,"minecraft:deepslate_iron_ore":1,"minecraft:diamond_sword":1154,"minecraft:dark_oak_fence":19,"minecraft:birch_log":1,"minecraft:oak_trapdoor":13,"minecraft:enchanting_table":2,"minecraft:netherrack":1107,"minecraft:torch":624,"minecraft:light_gray_shulker_box":29,"minecraft:dragon_egg":1,"minecraft:anvil":2,"minecraft:nether_quartz_ore":50,"minecraft:red_shulker_box":9,"minecraft:iron_block":177,"minecraft:iron_axe":1,"minecraft:cherry_slab":16,"minecraft:diamond_chestplate":103,"minecraft:basalt":15,"minecraft:glowstone":5,"minecraft:cobbled_deepslate":385,"minecraft:cherry_fence":10,"minecraft:wheat_seeds":47,"minecraft:water_bucket":46,"minecraft:birch_planks":3,"minecraft:lead":2,"minecraft:yellow_shulker_box":31,"minecraft:cartography_table":1,"minecraft:polished_blackstone_bricks":44,"minecraft:rail":20,"minecraft:crafting_table":4,"minecraft:white_bed":7,"minecraft:spruce_log":8,"minecraft:ender_eye":4,"minecraft:diamond_pickaxe":9486,"minecraft:diamond_shovel":1315,"minecraft:iron_pickaxe":3,"minecraft:spruce_trapdoor":13,"minecraft:spruce_sapling":684,"minecraft:crimson_nylium":17,"minecraft:cobblestone":237,"minecraft:potion":2,"minecraft:cooked_porkchop":54,"minecraft:kelp":96,"minecraft:bell":44,"minecraft:spruce_leaves":7,"minecraft:carrot":111,"minecraft:tuff":8,"minecraft:obsidian":14,"minecraft:glass":84,"minecraft:quartz_slab":8,"minecraft:lantern":35,"minecraft:hopper_minecart":21,"minecraft:stone_bricks":1,"minecraft:red_carpet":7,"minecraft:magma_block":1,"minecraft:blue_shulker_box":13,"minecraft:gray_bed":1,"minecraft:beetroot_seeds":81,"minecraft:gold_block":4,"minecraft:end_rod":5,"minecraft:wither_skeleton_skull":12,"minecraft:oak_planks":1,"minecraft:ender_pearl":21,"minecraft:diamond_axe":11781,"minecraft:golden_hoe":32,"minecraft:crossbow":1,"minecraft:end_stone":862,"minecraft:shears":687,"minecraft:firework_rocket":339,"minecraft:bread":28,"minecraft:deepslate":70,"minecraft:gravel":16,"minecraft:grindstone":12,"minecraft:chain":299,"minecraft:white_concrete":4,"minecraft:bone_meal":327,"minecraft:experience_bottle":461,"minecraft:netherite_sword":844,"minecraft:flint_and_steel":3,"minecraft:spruce_planks":21,"minecraft:ender_chest":17,"minecraft:cooked_chicken":1,"minecraft:dirt":498,"minecraft:diamond_helmet":1,"minecraft:shulker_box":46,"minecraft:spruce_fence":21,"minecraft:granite":53,"minecraft:stone_brick_slab":4,"minecraft:dark_oak_planks":3,"minecraft:bookshelf":35,"minecraft:polished_blackstone_brick_stairs":1,"minecraft:golden_carrot":117,"minecraft:black_stained_glass":1,"minecraft:emerald_block":177,"minecraft:netherite_pickaxe":28135,"minecraft:cooked_beef":4,"minecraft:cooked_mutton":1,"minecraft:amethyst_block":1,"minecraft:glass_bottle":4,"minecraft:netherite_chestplate":231,"minecraft:baked_potato":190,"minecraft:black_shulker_box":8,"minecraft:brown_mushroom":6,"minecraft:beacon":9,"minecraft:wooden_hoe":83,"minecraft:black_wool":1,"minecraft:apple":4,"minecraft:cracked_polished_blackstone_bricks":57,"minecraft:map":1,"minecraft:fishing_rod":1,"minecraft:white_banner":3,"minecraft:pink_shulker_box":42,"minecraft:bucket":58,"minecraft:gray_wool":2},"minecraft:crafted":{"minecraft:ender_chest":14,"minecraft:black_dye":4,"minecraft:blaze_powder":22,"minecraft:chain":280,"minecraft:bookshelf":20,"minecraft:shulker_box":13,"minecraft:quartz_block":283,"minecraft:glass":1086,"minecraft:netherite_boots":2,"minecraft:beacon":4,"minecraft:chiseled_quartz_block":14,"minecraft:name_tag":1,"minecraft:white_shulker_box":1,"minecraft:gray_bed":1,"minecraft:glass_bottle":12,"minecraft:blue_stained_glass":8,"minecraft:emerald":3708,"minecraft:diamond_axe":3,"minecraft:snout_armor_trim_smithing_template":4,"minecraft:clock":6,"minecraft:cartography_table":1,"minecraft:stone_slab":30,"minecraft:iron_block":180,"minecraft:gold_ingot":194,"minecraft:light_gray_dye":1,"minecraft:netherite_ingot":5,"minecraft:spruce_fence_gate":2,"minecraft:golden_carrot":110,"minecraft:iron_nugget":559,"minecraft:experience_bottle":460,"minecraft:globe_banner_pattern":1,"minecraft:blue_shulker_box":1,"minecraft:bone_meal":384,"minecraft:spruce_fence":35,"minecraft:pink_dye":2,"minecraft:lantern":63,"minecraft:dark_oak_fence":6,"minecraft:light_gray_shulker_box":1,"minecraft:spruce_slab":42,"minecraft:red_shulker_box":2,"minecraft:ender_pearl":2,"minecraft:redstone_block":120,"minecraft:dark_oak_planks":12,"minecraft:wheat":27,"minecraft:netherite_pickaxe":1,"minecraft:enchanting_table":1,"minecraft:glowstone":16,"minecraft:enchanted_book":51,"minecraft:red_stained_glass":8,"minecraft:golden_apple":19,"minecraft:gunpowder":8,"minecraft:fermented_spider_eye":1,"minecraft:white_bed":1,"minecraft:grindstone":12,"minecraft:oak_planks":1314,"minecraft:cherry_slab":18,"minecraft:pink_shulker_box":1,"minecraft:quartz_pillar":4,"minecraft:hopper":7,"minecraft:bow":1,"minecraft:chest":18,"minecraft:netherite_helmet":2,"minecraft:netherite_upgrade_smithing_template":12,"minecraft:ender_eye":18,"minecraft:cherry_fence":8,"minecraft:white_banner":2,"minecraft:quartz_stairs":8,"minecraft:arrow":792,"minecraft:map":7,"minecraft:crafting_table":3,"minecraft:spruce_planks":40890,"minecraft:gold_block":22,"minecraft:hopper_minecart":1,"minecraft:birch_planks":296,"minecraft:black_shulker_box":1,"minecraft:spruce_trapdoor":18,"minecraft:book":32,"minecraft:paper":180,"minecraft:emerald_block":149,"minecraft:yellow_dye":2,"minecraft:stick":84713,"minecraft:iron_ingot":282,"minecraft:stone_sword":7,"minecraft:gray_carpet":3,"minecraft:shears":2,"minecraft:cherry_planks":36,"minecraft:coal":90,"minecraft:fishing_rod":1,"minecraft:netherite_sword":1,"minecraft:spruce_button":64,"minecraft:furnace":1,"minecraft:glass_pane":2322,"minecraft:flint_and_steel":2,"minecraft:netherite_chestplate":2,"minecraft:netherite_leggings":2,"minecraft:yellow_shulker_box":1,"minecraft:iron_axe":10,"minecraft:red_dye":9,"minecraft:crimson_planks":260,"minecraft:diamond_sword":13,"minecraft:bucket":1,"minecraft:amethyst_block":64,"minecraft:air":0,"minecraft:black_stained_glass":8,"minecraft:blue_dye":2,"minecraft:gold_nugget":850,"minecraft:white_dye":3,"minecraft:black_carpet":39,"minecraft:anvil":2,"minecraft:coast_armor_trim_smithing_template":4,"minecraft:acacia_planks":60,"minecraft:torch":504,"minecraft:lapis_lazuli":21,"minecraft:lapis_block":39,"minecraft:firework_rocket":393},"minecraft:killed":{"minecraft:shulker":45,"minecraft:skeleton":94,"minecraft:magma_cube":258,"minecraft:ender_dragon":1,"minecraft:pillager":140,"minecraft:zombie":97,"minecraft:cow":10,"minecraft:evoker":2,"minecraft:vindicator":30,"minecraft:wandering_trader":2,"minecraft:ravager":10,"minecraft:enderman":39,"minecraft:witch":19,"minecraft:spider":30,"minecraft:wither":4,"minecraft:piglin_brute":7,"minecraft:piglin":52,"minecraft:zombie_villager":2,"minecraft:creeper":39,"minecraft:sheep":1,"minecraft:trader_llama":6,"minecraft:ghast":3,"minecraft:blaze":120,"minecraft:vex":5,"minecraft:phantom":4,"minecraft:hoglin":30,"minecraft:squid":4,"minecraft:wither_skeleton":166},"minecraft:dropped":{"minecraft:iron_sword":2,"minecraft:lapis_lazuli":70,"minecraft:chorus_fruit":26,"minecraft:glass_bottle":2,"minecraft:diamond":1,"minecraft:crossbow":19,"minecraft:weeping_vines":8,"minecraft:saddle":1,"minecraft:elytra":1,"minecraft:red_carpet":2,"minecraft:emerald":1,"minecraft:dirt":273,"minecraft:bone_meal":1,"minecraft:sugar":11,"minecraft:iron_pickaxe":1,"minecraft:dark_oak_planks":4,"minecraft:fishing_rod":1,"minecraft:bone":7,"minecraft:sugar_cane":2,"minecraft:iron_nugget":6,"minecraft:golden_chestplate":1,"minecraft:cobbled_deepslate":2341,"minecraft:pink_dye":1,"minecraft:wheat":11,"minecraft:obsidian":6,"minecraft:rotten_flesh":34,"minecraft:oak_planks":1,"minecraft:end_stone":91,"minecraft:glowstone_dust":2,"minecraft:nether_brick_fence":1,"minecraft:acacia_sapling":7,"minecraft:white_dye":1,"minecraft:glass":2,"minecraft:cherry_fence":9,"minecraft:golden_boots":1,"minecraft:netherite_pickaxe":1,"minecraft:wheat_seeds":72,"minecraft:clock":5,"minecraft:iron_helmet":1,"minecraft:cobblestone":244,"minecraft:granite":32,"minecraft:spruce_button":128,"minecraft:golden_apple":3,"minecraft:polished_andesite":1,"minecraft:gray_wool":2,"minecraft:diamond_helmet":3,"minecraft:potion":2,"minecraft:paper":7,"minecraft:string":13,"minecraft:spruce_sapling":8,"minecraft:stone_brick_slab":24,"minecraft:soul_soil":5,"minecraft:stone_sword":7,"minecraft:deepslate":127,"minecraft:stone_shovel":1,"minecraft:nether_bricks":6,"minecraft:pumpkin_seeds":6,"minecraft:stone":96,"minecraft:spruce_planks":129,"minecraft:diamond_pickaxe":4,"minecraft:spider_eye":7,"minecraft:stone_bricks":2,"minecraft:sandstone":101,"minecraft:bow":6,"minecraft:diamond_axe":2,"minecraft:baked_potato":113,"minecraft:ender_pearl":6,"minecraft:leather":1,"minecraft:spruce_leaves":42,"minecraft:crimson_roots":11,"minecraft:amethyst_shard":1,"minecraft:gravel":33,"minecraft:chiseled_polished_blackstone":2,"minecraft:pointed_dripstone":1,"minecraft:beetroot":1030,"minecraft:diamond_shovel":1,"minecraft:carrot":192,"minecraft:chiseled_stone_bricks":2,"minecraft:poppy":226,"minecraft:leather_chestplate":1,"minecraft:beetroot_seeds":42,"minecraft:acacia_slab":6,"minecraft:chest":1,"minecraft:basalt":2,"minecraft:arrow":122,"minecraft:white_concrete_powder":1,"minecraft:netherrack":1758,"minecraft:firework_rocket":1,"minecraft:water_bucket":1,"minecraft:bread":18,"minecraft:diamond_leggings":1,"minecraft:spectral_arrow":2,"minecraft:grass_block":1,"minecraft:acacia_trapdoor":1,"minecraft:stick":289,"minecraft:spruce_fence_gate":1,"minecraft:diorite":11,"minecraft:torch":2,"minecraft:nether_wart_block":31,"minecraft:iron_door":1,"minecraft:iron_axe":29,"minecraft:bucket":1,"minecraft:dandelion":1,"minecraft:redstone":4,"minecraft:sweet_berries":10,"minecraft:ender_chest":2,"minecraft:blaze_rod":1,"minecraft:tuff":1009,"minecraft:raw_iron":8,"minecraft:iron_hoe":2,"minecraft:glass_pane":16,"minecraft:acacia_leaves":5,"minecraft:shield":1,"minecraft:diamond_chestplate":2,"minecraft:andesite":2,"minecraft:oak_sapling":2,"minecraft:golden_sword":4,"minecraft:diamond_boots":2,"minecraft:spruce_log":24},"minecraft:picked_up":{"minecraft:lead":15,"minecraft:golden_sword":4,"minecraft:amethyst_block":2,"minecraft:polished_blackstone_brick_stairs":1,"minecraft:string":58,"minecraft:soul_soil":5,"minecraft:shroomlight":2,"minecraft:beetroot":11,"minecraft:diamond_leggings":1,"minecraft:gold_nugget":30,"minecraft:cobbled_deepslate":8611,"minecraft:spruce_planks":131,"minecraft:hopper_minecart":16,"minecraft:purpur_pillar":2,"minecraft:acacia_log":15,"minecraft:golden_axe":2,"minecraft:cherry_log":9,"minecraft:golden_chestplate":1,"minecraft:stone_sword":17,"minecraft:iron_block":29,"minecraft:glowstone":5,"minecraft:end_rod":75,"minecraft:bookshelf":248,"minecraft:blaze_rod":153,"minecraft:iron_bars":21,"minecraft:birch_log":56,"minecraft:magma_block":1,"minecraft:iron_door":2,"minecraft:acacia_leaves":5,"minecraft:flint":198,"minecraft:cherry_fence":19,"minecraft:map":3,"minecraft:lantern":3,"minecraft:diamond_helmet":3,"minecraft:glowstone_dust":7,"minecraft:chiseled_polished_blackstone":2,"minecraft:ink_sac":15,"minecraft:iron_hoe":2,"minecraft:deepslate":150,"minecraft:granite":85,"minecraft:spruce_button":64,"minecraft:bread":36,"minecraft:cherry_slab":16,"minecraft:dark_oak_fence":14,"minecraft:crimson_roots":17,"minecraft:diamond_pickaxe":2,"minecraft:spruce_leaves":709,"minecraft:crafting_table":1,"minecraft:dragon_head":2,"minecraft:purpur_block":6,"minecraft:cornflower":1,"minecraft:elytra":2,"minecraft:glass_pane":29,"minecraft:beef":30,"minecraft:poppy":67,"minecraft:spruce_slab":5,"minecraft:quartz_stairs":4,"minecraft:chest":6,"minecraft:birch_sapling":9,"minecraft:egg":4,"minecraft:sandstone":101,"minecraft:stone":99,"minecraft:white_dye":1,"minecraft:carrot":334,"minecraft:redstone":1246,"minecraft:netherite_pickaxe":1,"minecraft:stone_shovel":1,"minecraft:diamond_chestplate":2,"minecraft:beetroot_seeds":123,"minecraft:diamond_boots":2,"minecraft:hay_block":32,"minecraft:totem_of_undying":4,"minecraft:white_shulker_box":2,"minecraft:mutton":3,"minecraft:white_wool":16,"minecraft:rail":1,"minecraft:yellow_shulker_box":30,"minecraft:clock":1,"minecraft:red_mushroom":4,"minecraft:purpur_stairs":3,"minecraft:oak_log":324,"minecraft:ancient_debris":21,"minecraft:paper":2,"minecraft:white_banner":32,"minecraft:stone_bricks":5,"minecraft:apple":4,"minecraft:kelp":276,"minecraft:glass_bottle":9,"minecraft:iron_sword":2,"minecraft:sweet_berries":16,"minecraft:gravel":566,"minecraft:spruce_sapling":724,"minecraft:spruce_log":10553,"minecraft:dragon_egg":1,"minecraft:leather_helmet":1,"minecraft:firework_rocket":1,"minecraft:diamond_shovel":2,"minecraft:diamond_axe":1,"minecraft:gray_wool":9,"minecraft:baked_potato":153,"minecraft:crimson_nylium":24,"minecraft:pink_dye":1,"minecraft:ender_pearl":75,"minecraft:shulker_shell":33,"minecraft:wheat":37,"minecraft:nether_brick_fence":4,"minecraft:ender_chest":12,"minecraft:light_gray_shulker_box":28,"minecraft:potion":4,"minecraft:gilded_blackstone":7,"minecraft:pink_shulker_box":42,"minecraft:black_shulker_box":7,"minecraft:bucket":1,"minecraft:iron_pickaxe":2,"minecraft:deepslate_iron_ore":1,"minecraft:tipped_arrow":2,"minecraft:stick":803,"minecraft:torch":164,"minecraft:porkchop":6,"minecraft:pointed_dripstone":1,"minecraft:diorite":31,"minecraft:vine":8,"minecraft:quartz_block":3,"minecraft:nether_gold_ore":143,"minecraft:rotten_flesh":118,"minecraft:obsidian":294,"minecraft:cobblestone":471,"minecraft:enchanting_table":1,"minecraft:leather_chestplate":1,"minecraft:magma_cream":85,"minecraft:andesite":2,"minecraft:chiseled_quartz_block":1,"minecraft:beacon":5,"minecraft:potato":58,"minecraft:tuff":2032,"minecraft:wither_skeleton_skull":12,"minecraft:lapis_lazuli":367,"minecraft:dirt":519,"minecraft:glass":34,"minecraft:bone":538,"minecraft:bow":11,"minecraft:wheat_seeds":123,"minecraft:raw_gold":134,"minecraft:bell":44,"minecraft:mossy_stone_bricks":1,"minecraft:oak_planks":7,"minecraft:cooked_porkchop":67,"minecraft:sand":50,"minecraft:grass_block":5,"minecraft:spectral_arrow":1,"minecraft:shulker_box":45,"minecraft:sugar":12,"minecraft:diamond":291,"minecraft:cracked_polished_blackstone_bricks":97,"minecraft:crossbow":13,"minecraft:bone_meal":5,"minecraft:white_concrete":8,"minecraft:emerald":31,"minecraft:oak_sapling":55,"minecraft:netherrack":4027,"minecraft:chorus_fruit":83,"minecraft:oak_leaves":8,"minecraft:nether_star":4,"minecraft:end_stone_bricks":9,"minecraft:fishing_rod":1,"minecraft:brown_mushroom":8,"minecraft:gold_block":9,"minecraft:chain":11,"minecraft:shield":2,"minecraft:dragon_breath":1,"minecraft:oak_trapdoor":1,"minecraft:iron_axe":30,"minecraft:quartz_slab":4,"minecraft:blackstone":115,"minecraft:blue_shulker_box":12,"minecraft:sugar_cane":233,"minecraft:spruce_trapdoor":1,"minecraft:phantom_membrane":1,"minecraft:raw_iron":47,"minecraft:end_stone":1116,"minecraft:polished_blackstone_bricks":78,"minecraft:quartz_pillar":3,"minecraft:dark_oak_planks":3,"minecraft:weeping_vines":8,"minecraft:arrow":175,"minecraft:red_shulker_box":8,"minecraft:nether_bricks":35,"minecraft:saddle":9,"minecraft:basalt":39,"minecraft:crimson_stem":65,"minecraft:leather":51,"minecraft:birch_planks":3,"minecraft:crimson_fungus":6,"minecraft:gunpowder":82,"minecraft:nether_wart_block":31,"minecraft:cooked_mutton":1,"minecraft:red_carpet":8,"minecraft:iron_ingot":4,"minecraft:acacia_sapling":7,"minecraft:soul_sand":176,"minecraft:book":49,"minecraft:nether_quartz_ore":50,"minecraft:emerald_block":53,"minecraft:chiseled_stone_bricks":2,"minecraft:stone_brick_slab":28,"minecraft:quartz":1393,"minecraft:dandelion":2,"minecraft:amethyst_shard":553,"minecraft:white_bed":4,"minecraft:spider_eye":23,"minecraft:white_concrete_powder":1,"minecraft:black_wool":32,"minecraft:coal":276}},"DataVersion":3953}