{"stats":{"minecraft:picked_up":{"minecraft:shulker_shell":33,"minecraft:wheat":4,"minecraft:ender_chest":9,"minecraft:nether_brick_fence":4,"minecraft:light_gray_shulker_box":28,"minecraft:lead":15,"minecraft:potion":4,"minecraft:gilded_blackstone":7,"minecraft:golden_sword":4,"minecraft:amethyst_block":2,"minecraft:polished_blackstone_brick_stairs":1,"minecraft:string":45,"minecraft:soul_soil":5,"minecraft:shroomlight":2,"minecraft:pink_shulker_box":24,"minecraft:beetroot":11,"minecraft:diamond_leggings":1,"minecraft:black_shulker_box":5,"minecraft:gold_nugget":30,"minecraft:cobbled_deepslate":4055,"minecraft:bucket":1,"minecraft:spruce_planks":127,"minecraft:iron_pickaxe":2,"minecraft:hopper_minecart":16,"minecraft:tipped_arrow":2,"minecraft:stick":784,"minecraft:torch":161,"minecraft:purpur_pillar":2,"minecraft:acacia_log":15,"minecraft:porkchop":6,"minecraft:golden_axe":2,"minecraft:cherry_log":9,"minecraft:pointed_dripstone":1,"minecraft:diorite":31,"minecraft:vine":8,"minecraft:golden_chestplate":1,"minecraft:quartz_block":3,"minecraft:stone_sword":17,"minecraft:nether_gold_ore":143,"minecraft:rotten_flesh":118,"minecraft:iron_block":29,"minecraft:glowstone":5,"minecraft:bookshelf":16,"minecraft:end_rod":75,"minecraft:blaze_rod":153,"minecraft:obsidian":73,"minecraft:cobblestone":448,"minecraft:birch_log":56,"minecraft:enchanting_table":1,"minecraft:magma_block":1,"minecraft:leather_chestplate":1,"minecraft:magma_cream":85,"minecraft:andesite":2,"minecraft:acacia_leaves":5,"minecraft:potato":42,"minecraft:beacon":5,"minecraft:chiseled_quartz_block":1,"minecraft:flint":179,"minecraft:tuff":1264,"minecraft:cherry_fence":1,"minecraft:wither_skeleton_skull":12,"minecraft:map":3,"minecraft:lapis_lazuli":310,"minecraft:dirt":486,"minecraft:lantern":3,"minecraft:glass":34,"minecraft:bone":530,"minecraft:bow":10,"minecraft:wheat_seeds":28,"minecraft:raw_gold":129,"minecraft:bell":44,"minecraft:diamond_helmet":3,"minecraft:glowstone_dust":7,"minecraft:oak_planks":1,"minecraft:chiseled_polished_blackstone":1,"minecraft:cooked_porkchop":52,"minecraft:sand":50,"minecraft:ink_sac":15,"minecraft:grass_block":5,"minecraft:spectral_arrow":1,"minecraft:shulker_box":14,"minecraft:fishing_rod":1,"minecraft:iron_hoe":2,"minecraft:sugar":12,"minecraft:deepslate":5,"minecraft:diamond":228,"minecraft:cracked_polished_blackstone_bricks":97,"minecraft:crossbow":13,"minecraft:granite":82,"minecraft:bone_meal":5,"minecraft:white_concrete":8,"minecraft:spruce_button":64,"minecraft:bread":36,"minecraft:emerald":31,"minecraft:oak_sapling":55,"minecraft:cherry_slab":2,"minecraft:netherrack":4027,"minecraft:chorus_fruit":83,"minecraft:dark_oak_fence":14,"minecraft:nether_star":4,"minecraft:oak_leaves":8,"minecraft:crimson_roots":17,"minecraft:diamond_pickaxe":2,"minecraft:end_stone_bricks":9,"minecraft:spruce_leaves":49,"minecraft:crafting_table":1,"minecraft:brown_mushroom":8,"minecraft:gold_block":9,"minecraft:dragon_head":2,"minecraft:chain":11,"minecraft:purpur_block":6,"minecraft:shield":2,"minecraft:dragon_breath":1,"minecraft:cornflower":1,"minecraft:oak_trapdoor":1,"minecraft:elytra":2,"minecraft:iron_axe":30,"minecraft:quartz_slab":3,"minecraft:blackstone":115,"minecraft:glass_pane":29,"minecraft:beef":30,"minecraft:poppy":67,"minecraft:sugar_cane":227,"minecraft:egg":3,"minecraft:quartz_stairs":4,"minecraft:blue_shulker_box":12,"minecraft:chest":6,"minecraft:birch_sapling":9,"minecraft:phantom_membrane":1,"minecraft:raw_iron":31,"minecraft:sandstone":101,"minecraft:end_stone":1116,"minecraft:stone":99,"minecraft:polished_blackstone_bricks":78,"minecraft:white_dye":1,"minecraft:quartz_pillar":3,"minecraft:carrot":334,"minecraft:redstone":1003,"minecraft:netherite_pickaxe":1,"minecraft:dark_oak_planks":3,"minecraft:arrow":161,"minecraft:weeping_vines":8,"minecraft:red_shulker_box":8,"minecraft:diamond_chestplate":2,"minecraft:beetroot_seeds":123,"minecraft:nether_bricks":35,"minecraft:diamond_boots":2,"minecraft:hay_block":32,"minecraft:saddle":9,"minecraft:totem_of_undying":4,"minecraft:white_shulker_box":2,"minecraft:mutton":3,"minecraft:white_wool":5,"minecraft:rail":1,"minecraft:yellow_shulker_box":30,"minecraft:clock":1,"minecraft:basalt":39,"minecraft:crimson_stem":65,"minecraft:leather":50,"minecraft:red_mushroom":4,"minecraft:birch_planks":3,"minecraft:crimson_fungus":6,"minecraft:purpur_stairs":3,"minecraft:oak_log":324,"minecraft:ancient_debris":21,"minecraft:nether_wart_block":31,"minecraft:gunpowder":77,"minecraft:paper":2,"minecraft:white_banner":31,"minecraft:red_carpet":8,"minecraft:apple":4,"minecraft:kelp":276,"minecraft:iron_ingot":4,"minecraft:glass_bottle":9,"minecraft:acacia_sapling":7,"minecraft:iron_sword":2,"minecraft:soul_sand":175,"minecraft:book":49,"minecraft:nether_quartz_ore":50,"minecraft:emerald_block":53,"minecraft:sweet_berries":16,"minecraft:chiseled_stone_bricks":2,"minecraft:stone_brick_slab":28,"minecraft:quartz":1393,"minecraft:dandelion":2,"minecraft:gravel":445,"minecraft:amethyst_shard":553,"minecraft:spruce_sapling":701,"minecraft:white_bed":3,"minecraft:spruce_log":9950,"minecraft:spider_eye":23,"minecraft:dragon_egg":1,"minecraft:firework_rocket":1,"minecraft:diamond_shovel":2,"minecraft:white_concrete_powder":1,"minecraft:diamond_axe":1,"minecraft:baked_potato":153,"minecraft:crimson_nylium":24,"minecraft:coal":276,"minecraft:pink_dye":1,"minecraft:ender_pearl":73},"minecraft:used":{"minecraft:beetroot":1,"minecraft:elytra":309,"minecraft:chest":1,"minecraft:stone":1,"minecraft:bell":44,"minecraft:white_shulker_box":3,"minecraft:quartz_stairs":16,"minecraft:rotten_flesh":7,"minecraft:spruce_leaves":4,"minecraft:soul_sand":32,"minecraft:blue_stained_glass":1,"minecraft:carrot":111,"minecraft:tuff":8,"minecraft:obsidian":14,"minecraft:glass":84,"minecraft:quartz_pillar":39,"minecraft:quartz_slab":8,"minecraft:lantern":35,"minecraft:grass_block":4,"minecraft:birch_sapling":9,"minecraft:quartz_block":3,"minecraft:hopper_minecart":21,"minecraft:red_carpet":7,"minecraft:magma_block":1,"minecraft:bow":1091,"minecraft:oak_sapling":37,"minecraft:sweet_berries":3,"minecraft:blue_shulker_box":13,"minecraft:furnace":3,"minecraft:beetroot_seeds":81,"minecraft:gold_block":4,"minecraft:egg":1,"minecraft:potato":146,"minecraft:dragon_head":1,"minecraft:diorite":20,"minecraft:wither_skeleton_skull":12,"minecraft:red_stained_glass":2,"minecraft:end_rod":5,"minecraft:end_stone_bricks":4,"minecraft:chorus_fruit":2,"minecraft:ender_pearl":21,"minecraft:blackstone":34,"minecraft:diamond_axe":10895,"minecraft:oak_leaves":1,"minecraft:golden_apple":13,"minecraft:golden_hoe":32,"minecraft:crossbow":1,"minecraft:chiseled_quartz_block":33,"minecraft:end_stone":862,"minecraft:shears":8,"minecraft:firework_rocket":333,"minecraft:bread":28,"minecraft:gravel":16,"minecraft:diamond_sword":1154,"minecraft:birch_log":1,"minecraft:dark_oak_fence":19,"minecraft:white_concrete":4,"minecraft:chain":299,"minecraft:bone_meal":327,"minecraft:experience_bottle":461,"minecraft:oak_trapdoor":13,"minecraft:netherite_sword":796,"minecraft:flint_and_steel":2,"minecraft:spruce_planks":16,"minecraft:ender_chest":11,"minecraft:cooked_chicken":1,"minecraft:netherrack":1107,"minecraft:torch":619,"minecraft:light_gray_shulker_box":29,"minecraft:dragon_egg":1,"minecraft:dirt":487,"minecraft:anvil":2,"minecraft:nether_quartz_ore":50,"minecraft:granite":53,"minecraft:shulker_box":16,"minecraft:red_shulker_box":9,"minecraft:stone_brick_slab":4,"minecraft:dark_oak_planks":3,"minecraft:bookshelf":16,"minecraft:iron_block":177,"minecraft:iron_axe":1,"minecraft:cherry_slab":16,"minecraft:polished_blackstone_brick_stairs":1,"minecraft:diamond_chestplate":103,"minecraft:glowstone":5,"minecraft:golden_carrot":117,"minecraft:basalt":15,"minecraft:black_stained_glass":1,"minecraft:emerald_block":177,"minecraft:netherite_pickaxe":18498,"minecraft:cooked_beef":4,"minecraft:cobbled_deepslate":247,"minecraft:cherry_fence":10,"minecraft:water_bucket":33,"minecraft:amethyst_block":1,"minecraft:lead":2,"minecraft:birch_planks":3,"minecraft:glass_bottle":4,"minecraft:yellow_shulker_box":31,"minecraft:netherite_chestplate":206,"minecraft:baked_potato":190,"minecraft:brown_mushroom":6,"minecraft:black_shulker_box":5,"minecraft:beacon":9,"minecraft:polished_blackstone_bricks":44,"minecraft:rail":20,"minecraft:crafting_table":4,"minecraft:white_bed":6,"minecraft:spruce_log":8,"minecraft:wooden_hoe":83,"minecraft:ender_eye":4,"minecraft:diamond_pickaxe":9261,"minecraft:diamond_shovel":1148,"minecraft:apple":4,"minecraft:cracked_polished_blackstone_bricks":57,"minecraft:iron_pickaxe":3,"minecraft:map":1,"minecraft:spruce_sapling":668,"minecraft:crimson_nylium":17,"minecraft:fishing_rod":1,"minecraft:cobblestone":216,"minecraft:potion":2,"minecraft:cooked_porkchop":35,"minecraft:pink_shulker_box":25,"minecraft:bucket":45,"minecraft:kelp":96},"minecraft:custom":{"minecraft:animals_bred":12,"minecraft:interact_with_crafting_table":204,"minecraft:open_shulker_box":1011,"minecraft:bell_ring":106,"minecraft:leave_game":13,"minecraft:time_since_death":2515390,"minecraft:damage_resisted":873,"minecraft:sprint_one_cm":4876918,"minecraft:drop":628,"minecraft:talked_to_villager":1206,"minecraft:play_time":2515556,"minecraft:interact_with_brewingstand":6,"minecraft:jump":33457,"minecraft:walk_on_water_one_cm":200317,"minecraft:enchant_item":33,"minecraft:interact_with_furnace":77,"minecraft:traded_with_villager":4327,"minecraft:interact_with_cartography_table":2,"minecraft:sleep_in_bed":99,"minecraft:open_enderchest":209,"minecraft:damage_dealt":115812,"minecraft:interact_with_beacon":40,"minecraft:crouch_one_cm":1555679,"minecraft:interact_with_smithing_table":25,"minecraft:horse_one_cm":8714,"minecraft:use_cauldron":10,"minecraft:interact_with_anvil":81,"minecraft:mob_kills":1273,"minecraft:inspect_hopper":9,"minecraft:interact_with_campfire":3,"minecraft:climb_one_cm":6091,"minecraft:walk_one_cm":6465874,"minecraft:raid_win":4,"minecraft:sneak_time":365821,"minecraft:walk_under_water_one_cm":1010964,"minecraft:boat_one_cm":10,"minecraft:interact_with_blast_furnace":2,"minecraft:total_world_time":2515556,"minecraft:raid_trigger":4,"minecraft:interact_with_grindstone":22,"minecraft:interact_with_stonecutter":16,"minecraft:time_since_rest":10276,"minecraft:damage_taken":19134,"minecraft:damage_absorbed":497,"minecraft:swim_one_cm":123221,"minecraft:fly_one_cm":8169827,"minecraft:open_chest":1362,"minecraft:aviate_one_cm":15767281,"minecraft:fall_one_cm":712688},"minecraft:crafted":{"minecraft:black_dye":2,"minecraft:oak_planks":1314,"minecraft:cherry_slab":18,"minecraft:blaze_powder":12,"minecraft:chain":280,"minecraft:pink_shulker_box":1,"minecraft:bookshelf":16,"minecraft:shulker_box":9,"minecraft:quartz_pillar":4,"minecraft:quartz_block":283,"minecraft:glass":990,"minecraft:hopper":1,"minecraft:netherite_boots":2,"minecraft:beacon":4,"minecraft:chest":7,"minecraft:netherite_helmet":2,"minecraft:netherite_upgrade_smithing_template":12,"minecraft:chiseled_quartz_block":14,"minecraft:ender_eye":8,"minecraft:cherry_fence":8,"minecraft:white_shulker_box":1,"minecraft:blue_stained_glass":8,"minecraft:glass_bottle":12,"minecraft:quartz_stairs":8,"minecraft:arrow":792,"minecraft:emerald":3584,"minecraft:diamond_axe":3,"minecraft:map":7,"minecraft:crafting_table":3,"minecraft:spruce_planks":38654,"minecraft:snout_armor_trim_smithing_template":4,"minecraft:clock":6,"minecraft:gold_block":22,"minecraft:hopper_minecart":1,"minecraft:birch_planks":296,"minecraft:black_shulker_box":1,"minecraft:book":31,"minecraft:paper":174,"minecraft:yellow_dye":2,"minecraft:emerald_block":149,"minecraft:stick":80729,"minecraft:iron_ingot":258,"minecraft:iron_block":180,"minecraft:stone_sword":7,"minecraft:gold_ingot":189,"minecraft:light_gray_dye":1,"minecraft:netherite_ingot":5,"minecraft:spruce_fence_gate":1,"minecraft:shears":1,"minecraft:golden_carrot":110,"minecraft:cherry_planks":36,"minecraft:coal":90,"minecraft:fishing_rod":1,"minecraft:netherite_sword":1,"minecraft:iron_nugget":559,"minecraft:experience_bottle":460,"minecraft:spruce_button":64,"minecraft:globe_banner_pattern":1,"minecraft:furnace":1,"minecraft:bone_meal":357,"minecraft:blue_shulker_box":1,"minecraft:pink_dye":2,"minecraft:glass_pane":2322,"minecraft:flint_and_steel":1,"minecraft:netherite_chestplate":2,"minecraft:lantern":63,"minecraft:dark_oak_fence":6,"minecraft:netherite_leggings":2,"minecraft:yellow_shulker_box":1,"minecraft:light_gray_shulker_box":1,"minecraft:iron_axe":10,"minecraft:red_shulker_box":2,"minecraft:ender_pearl":2,"minecraft:redstone_block":120,"minecraft:dark_oak_planks":12,"minecraft:wheat":27,"minecraft:red_dye":4,"minecraft:crimson_planks":260,"minecraft:netherite_pickaxe":1,"minecraft:diamond_sword":13,"minecraft:bucket":1,"minecraft:glowstone":16,"minecraft:amethyst_block":64,"minecraft:enchanted_book":46,"minecraft:air":0,"minecraft:black_stained_glass":8,"minecraft:blue_dye":2,"minecraft:red_stained_glass":8,"minecraft:golden_apple":19,"minecraft:gold_nugget":850,"minecraft:white_dye":3,"minecraft:fermented_spider_eye":1,"minecraft:gunpowder":8,"minecraft:anvil":2,"minecraft:white_bed":1,"minecraft:coast_armor_trim_smithing_template":4,"minecraft:acacia_planks":60,"minecraft:torch":480,"minecraft:lapis_lazuli":21,"minecraft:lapis_block":39,"minecraft:firework_rocket":378,"minecraft:ender_chest":4},"minecraft:mined":{"minecraft:black_shulker_box":5,"minecraft:dragon_wall_head":2,"minecraft:spruce_planks":2,"minecraft:red_shulker_box":8,"minecraft:white_bed":3,"minecraft:cherry_log":9,"minecraft:obsidian":68,"minecraft:granite":105,"minecraft:budding_amethyst":1,"minecraft:chiseled_polished_blackstone":1,"minecraft:acacia_log":15,"minecraft:grass_block":158,"minecraft:cracked_polished_blackstone_bricks":108,"minecraft:white_concrete":8,"minecraft:soul_soil":27,"minecraft:crimson_fungus":1,"minecraft:chiseled_stone_bricks":3,"minecraft:gilded_blackstone":7,"minecraft:weeping_vines_plant":3,"minecraft:polished_blackstone_bricks":88,"minecraft:tall_seagrass":7,"minecraft:magma_block":42,"minecraft:glowstone":6,"minecraft:iron_ore":5,"minecraft:fire":50,"minecraft:cobbled_deepslate":43,"minecraft:deepslate_lapis_ore":23,"minecraft:enchanting_table":1,"minecraft:pointed_dripstone":2,"minecraft:dirt_path":2,"minecraft:quartz_slab":3,"minecraft:white_shulker_box":3,"minecraft:end_stone_bricks":10,"minecraft:iron_block":29,"minecraft:deepslate_redstone_ore":159,"minecraft:brown_mushroom":7,"minecraft:quartz_block":3,"minecraft:blackstone":157,"minecraft:kelp_plant":81,"minecraft:crimson_nylium":154,"minecraft:amethyst_cluster":79,"minecraft:purpur_stairs":3,"minecraft:chiseled_quartz_block":1,"minecraft:torch":55,"minecraft:calcite":3,"minecraft:chest":5,"minecraft:beacon":5,"minecraft:glass":51,"minecraft:nether_quartz_ore":660,"minecraft:cobblestone":86,"minecraft:oak_planks":1,"minecraft:sugar_cane":135,"minecraft:wall_torch":58,"minecraft:amethyst_block":2,"minecraft:cherry_slab":1,"minecraft:seagrass":2,"minecraft:cherry_fence":1,"minecraft:chain":11,"minecraft:nether_wart_block":21,"minecraft:birch_log":56,"minecraft:purpur_block":10,"minecraft:stone_brick_stairs":1,"minecraft:oak_log":325,"minecraft:beetroots":159,"minecraft:sand":52,"minecraft:dirt":271,"minecraft:deepslate":13310,"minecraft:emerald_block":53,"minecraft:blue_shulker_box":12,"minecraft:nether_gold_ore":150,"minecraft:ancient_debris":22,"minecraft:netherrack":7791,"minecraft:oak_leaves":51,"minecraft:pink_shulker_box":24,"minecraft:tuff":2182,"minecraft:quartz_stairs":4,"minecraft:deepslate_diamond_ore":105,"minecraft:red_stained_glass":1,"minecraft:end_stone":826,"minecraft:shulker_box":13,"minecraft:nether_bricks":35,"minecraft:glow_lichen":1,"minecraft:dark_oak_fence":15,"minecraft:crimson_roots":8,"minecraft:weeping_vines":2,"minecraft:kelp":22,"minecraft:spruce_leaves":316,"minecraft:red_mushroom":4,"minecraft:sandstone":133,"minecraft:crimson_stem":72,"minecraft:white_concrete_powder":1,"minecraft:large_fern":13,"minecraft:hay_block":32,"minecraft:oak_trapdoor":12,"minecraft:spruce_sapling":11,"minecraft:furnace":2,"minecraft:carrots":3,"minecraft:acacia_trapdoor":1,"minecraft:light_gray_shulker_box":28,"minecraft:andesite":2,"minecraft:gold_block":10,"minecraft:bell":44,"minecraft:nether_brick_fence":4,"minecraft:bookshelf":32,"minecraft:potatoes":14,"minecraft:shroomlight":2,"minecraft:deepslate_iron_ore":6,"minecraft:vine":8,"minecraft:rail":20,"minecraft:lantern":3,"minecraft:chorus_plant":11,"minecraft:stone":579,"minecraft:yellow_shulker_box":30,"minecraft:ender_chest":10,"minecraft:podzol":3,"minecraft:acacia_leaves":5,"minecraft:soul_sand":215,"minecraft:magenta_stained_glass":9,"minecraft:basalt":44,"minecraft:stone_brick_slab":18,"minecraft:dandelion":1,"minecraft:crafting_table":1,"minecraft:cornflower":1,"minecraft:short_grass":129,"minecraft:purpur_pillar":2,"minecraft:tall_grass":21,"minecraft:deepslate_gold_ore":56,"minecraft:polished_blackstone_brick_stairs":1,"minecraft:diorite":37,"minecraft:birch_planks":3,"minecraft:sweet_berry_bush":3,"minecraft:spruce_log":9987,"minecraft:birch_leaves":19,"minecraft:quartz_pillar":3,"minecraft:white_wall_banner":8,"minecraft:coal_ore":1,"minecraft:end_rod":80,"minecraft:gravel":780,"minecraft:cracked_stone_bricks":1,"minecraft:dark_oak_planks":2},"minecraft:dropped":{"minecraft:iron_sword":2,"minecraft:diamond_axe":2,"minecraft:lapis_lazuli":70,"minecraft:baked_potato":113,"minecraft:chorus_fruit":26,"minecraft:ender_pearl":6,"minecraft:glass_bottle":2,"minecraft:diamond":1,"minecraft:crossbow":19,"minecraft:weeping_vines":8,"minecraft:leather":1,"minecraft:saddle":1,"minecraft:elytra":1,"minecraft:red_carpet":2,"minecraft:emerald":1,"minecraft:spruce_leaves":42,"minecraft:dirt":250,"minecraft:crimson_roots":11,"minecraft:amethyst_shard":1,"minecraft:bone_meal":1,"minecraft:fishing_rod":1,"minecraft:sugar":11,"minecraft:iron_pickaxe":1,"minecraft:dark_oak_planks":4,"minecraft:bone":6,"minecraft:gravel":6,"minecraft:sugar_cane":2,"minecraft:iron_nugget":6,"minecraft:golden_chestplate":1,"minecraft:cobbled_deepslate":2103,"minecraft:pink_dye":1,"minecraft:wheat":11,"minecraft:obsidian":6,"minecraft:pointed_dripstone":1,"minecraft:beetroot":1030,"minecraft:rotten_flesh":34,"minecraft:oak_planks":1,"minecraft:diamond_shovel":1,"minecraft:glowstone_dust":2,"minecraft:end_stone":91,"minecraft:nether_brick_fence":1,"minecraft:carrot":192,"minecraft:chiseled_stone_bricks":2,"minecraft:poppy":226,"minecraft:leather_chestplate":1,"minecraft:beetroot_seeds":42,"minecraft:acacia_slab":6,"minecraft:acacia_sapling":7,"minecraft:chest":1,"minecraft:white_dye":1,"minecraft:basalt":2,"minecraft:arrow":122,"minecraft:glass":2,"minecraft:white_concrete_powder":1,"minecraft:netherrack":1758,"minecraft:firework_rocket":1,"minecraft:golden_boots":1,"minecraft:water_bucket":1,"minecraft:bread":18,"minecraft:netherite_pickaxe":1,"minecraft:wheat_seeds":25,"minecraft:clock":5,"minecraft:diamond_leggings":1,"minecraft:iron_helmet":1,"minecraft:cobblestone":242,"minecraft:spectral_arrow":2,"minecraft:granite":29,"minecraft:spruce_button":128,"minecraft:grass_block":1,"minecraft:acacia_trapdoor":1,"minecraft:golden_apple":3,"minecraft:spruce_fence_gate":1,"minecraft:polished_andesite":1,"minecraft:stick":289,"minecraft:diorite":11,"minecraft:torch":2,"minecraft:nether_wart_block":31,"minecraft:diamond_helmet":3,"minecraft:potion":2,"minecraft:iron_axe":29,"minecraft:string":8,"minecraft:bucket":1,"minecraft:spruce_sapling":8,"minecraft:stone_brick_slab":24,"minecraft:dandelion":1,"minecraft:redstone":4,"minecraft:sweet_berries":10,"minecraft:soul_soil":5,"minecraft:ender_chest":2,"minecraft:stone_sword":7,"minecraft:blaze_rod":1,"minecraft:deepslate":5,"minecraft:tuff":1009,"minecraft:raw_iron":8,"minecraft:iron_hoe":2,"minecraft:pumpkin_seeds":6,"minecraft:nether_bricks":6,"minecraft:acacia_leaves":5,"minecraft:glass_pane":16,"minecraft:stone":96,"minecraft:shield":1,"minecraft:diamond_chestplate":2,"minecraft:spruce_planks":129,"minecraft:diamond_pickaxe":4,"minecraft:andesite":2,"minecraft:oak_sapling":2,"minecraft:golden_sword":3,"minecraft:spider_eye":7,"minecraft:spruce_log":24,"minecraft:diamond_boots":2,"minecraft:sandstone":101,"minecraft:bow":5},"minecraft:broken":{"minecraft:golden_hoe":1},"minecraft:killed":{"minecraft:witch":19,"minecraft:spider":28,"minecraft:shulker":45,"minecraft:wither":4,"minecraft:skeleton":83,"minecraft:piglin_brute":7,"minecraft:magma_cube":258,"minecraft:piglin":41,"minecraft:zombie_villager":2,"minecraft:ender_dragon":1,"minecraft:creeper":35,"minecraft:trader_llama":6,"minecraft:pillager":140,"minecraft:zombie":90,"minecraft:ghast":2,"minecraft:blaze":120,"minecraft:cow":10,"minecraft:evoker":2,"minecraft:vex":5,"minecraft:vindicator":30,"minecraft:phantom":4,"minecraft:wandering_trader":2,"minecraft:ravager":10,"minecraft:hoglin":26,"minecraft:squid":4,"minecraft:wither_skeleton":166,"minecraft:enderman":38}},"DataVersion":3953}