{"stats":{"minecraft:dropped":{"minecraft:crimson_stem":9,"minecraft:cooked_beef":32,"minecraft:orange_tulip":1,"minecraft:crossbow":13,"minecraft:weeping_vines":2,"minecraft:cracked_stone_bricks":4,"minecraft:red_mushroom":1,"minecraft:emerald":18,"minecraft:dirt":279,"minecraft:gold_nugget":68,"minecraft:sugar":3,"minecraft:white_wool":3,"minecraft:stone_axe":8,"minecraft:lever":1,"minecraft:cobbled_deepslate":443,"minecraft:wheat":30,"minecraft:deepslate_brick_slab":17,"minecraft:rotten_flesh":33,"minecraft:oak_planks":8,"minecraft:azure_bluet":7,"minecraft:white_bed":2,"minecraft:salmon":7,"minecraft:acacia_sapling":1,"minecraft:egg":1,"minecraft:iron_ingot":160,"minecraft:wheat_seeds":419,"minecraft:dripstone_block":1,"minecraft:oak_fence":5,"minecraft:cobblestone":249,"minecraft:granite":79,"minecraft:chainmail_helmet":1,"minecraft:coal":2,"minecraft:golden_apple":12,"minecraft:oxeye_daisy":2,"minecraft:golden_carrot":9,"minecraft:diamond_helmet":1,"minecraft:potion":5,"minecraft:oak_stairs":1,"minecraft:paper":9,"minecraft:string":2,"minecraft:acacia_planks":1,"minecraft:pink_tulip":2,"minecraft:stone_brick_slab":5,"minecraft:stone_sword":1,"minecraft:stone_shovel":2,"minecraft:white_carpet":2,"minecraft:shears":10,"minecraft:diamond_sword":1,"minecraft:potato":255,"minecraft:peony":8,"minecraft:diamond_pickaxe":1,"minecraft:spider_eye":3,"minecraft:stone_bricks":20,"minecraft:bow":11,"minecraft:diamond_axe":2,"minecraft:baked_potato":1,"minecraft:lantern":1,"minecraft:cornflower":3,"minecraft:crimson_roots":9,"minecraft:birch_log":12,"minecraft:gold_ingot":33,"minecraft:gravel":26,"minecraft:white_tulip":1,"minecraft:beetroot":359,"minecraft:carrot":909,"minecraft:chainmail_chestplate":1,"minecraft:gunpowder":6,"minecraft:beetroot_seeds":100,"minecraft:acacia_slab":12,"minecraft:arrow":6,"minecraft:oak_leaves":10,"minecraft:netherrack":581,"minecraft:stone_hoe":3,"minecraft:bread":26,"minecraft:oak_slab":12,"minecraft:lilac":3,"minecraft:mossy_cobblestone":13,"minecraft:stick":85,"minecraft:diorite":3,"minecraft:torch":54,"minecraft:nether_wart_block":2,"minecraft:iron_leggings":10,"minecraft:iron_axe":17,"minecraft:dandelion":7,"minecraft:smooth_basalt":2,"minecraft:oak_trapdoor":3,"minecraft:raw_copper":10,"minecraft:tuff":294,"minecraft:iron_hoe":1,"minecraft:totem_of_undying":1,"minecraft:shield":3,"minecraft:oak_button":1,"minecraft:andesite":39,"minecraft:mossy_stone_bricks":5,"minecraft:oak_boat":1,"minecraft:oak_sapling":4,"minecraft:stone_pickaxe":2,"minecraft:wooden_pickaxe":1,"minecraft:calcite":67},"minecraft:broken":{"minecraft:shears":2,"minecraft:stone_sword":2,"minecraft:iron_axe":6,"minecraft:iron_pickaxe":2,"minecraft:stone_pickaxe":7,"minecraft:stone_axe":7},"minecraft:used":{"minecraft:chest":38,"minecraft:stone":6,"minecraft:quartz_stairs":142,"minecraft:rotten_flesh":21,"minecraft:soul_sand":26,"minecraft:deepslate_brick_slab":130,"minecraft:acacia_sapling":1,"minecraft:lava_bucket":19,"minecraft:quartz_pillar":14,"minecraft:grass_block":5,"minecraft:birch_sapling":2,"minecraft:quartz_block":1,"minecraft:bow":582,"minecraft:sweet_berries":12,"minecraft:furnace":4,"minecraft:oak_sapling":886,"minecraft:egg":5,"minecraft:potato":248,"minecraft:diorite":95,"minecraft:acacia_trapdoor":2,"minecraft:powered_rail":30,"minecraft:blackstone":13,"minecraft:wooden_pickaxe":3,"minecraft:leather_chestplate":3,"minecraft:composter":27,"minecraft:oak_leaves":442,"minecraft:sand":32,"minecraft:blast_furnace":18,"minecraft:acacia_leaves":87,"minecraft:chiseled_quartz_block":4,"minecraft:stone_button":1,"minecraft:lectern":106,"minecraft:polished_andesite_slab":7,"minecraft:nether_wart_block":56,"minecraft:diamond_sword":360,"minecraft:smithing_table":2,"minecraft:oak_boat":11,"minecraft:oak_trapdoor":20,"minecraft:enchanting_table":1,"minecraft:stone_sword":404,"minecraft:netherrack":989,"minecraft:torch":263,"minecraft:brewing_stand":2,"minecraft:anvil":2,"minecraft:nether_quartz_ore":34,"minecraft:oak_fence_gate":1,"minecraft:iron_axe":1556,"minecraft:glowstone":67,"minecraft:cobbled_deepslate":251,"minecraft:pointed_dripstone":8,"minecraft:wheat_seeds":224,"minecraft:water_bucket":107,"minecraft:lime_wool":1,"minecraft:cartography_table":1,"minecraft:cherry_planks":1,"minecraft:cauldron":5,"minecraft:fletching_table":16,"minecraft:deepslate_bricks":78,"minecraft:polished_blackstone_bricks":35,"minecraft:rail":191,"minecraft:vine":5,"minecraft:crafting_table":15,"minecraft:campfire":4,"minecraft:white_bed":41,"minecraft:oak_log":9,"minecraft:ender_eye":7,"minecraft:diamond_pickaxe":12201,"minecraft:cornflower":1,"minecraft:diamond_shovel":10078,"minecraft:oak_button":1,"minecraft:iron_pickaxe":500,"minecraft:spruce_sapling":3,"minecraft:crimson_nylium":6,"minecraft:chiseled_stone_bricks":1377,"minecraft:cobblestone":357,"minecraft:potion":3,"minecraft:cooked_porkchop":14,"minecraft:dandelion":1,"minecraft:oak_sign":9,"minecraft:white_concrete_powder":359,"minecraft:nether_wart":37,"minecraft:iron_chestplate":3,"minecraft:carrot":61,"minecraft:tuff":61,"minecraft:obsidian":33,"minecraft:glass":3129,"minecraft:quartz_slab":29,"minecraft:lantern":22,"minecraft:hopper_minecart":12,"minecraft:stone_bricks":77,"minecraft:red_carpet":34,"minecraft:redstone_lamp":4,"minecraft:beetroot_seeds":19,"minecraft:stone_pickaxe":914,"minecraft:oak_planks":198,"minecraft:redstone_block":6,"minecraft:diamond_axe":4517,"minecraft:sugar_cane":83,"minecraft:white_wool":6,"minecraft:loom":1,"minecraft:crossbow":2,"minecraft:dripstone_block":1,"minecraft:shears":522,"minecraft:redstone_torch":20,"minecraft:lever":7,"minecraft:bread":152,"minecraft:gravel":55,"minecraft:grindstone":3,"minecraft:andesite":24,"minecraft:white_concrete":241,"minecraft:bone_meal":12,"minecraft:oak_fence":131,"minecraft:flint_and_steel":10,"minecraft:redstone":21,"minecraft:spruce_planks":28,"minecraft:cooked_chicken":7,"minecraft:oak_door":1,"minecraft:dirt":4014,"minecraft:white_carpet":4,"minecraft:hopper":12,"minecraft:bee_nest":4,"minecraft:granite":26,"minecraft:iron_hoe":204,"minecraft:stone_brick_slab":460,"minecraft:bookshelf":17,"minecraft:acacia_slab":2,"minecraft:minecart":45,"minecraft:cooked_beef":100,"minecraft:cooked_mutton":4,"minecraft:amethyst_block":357,"minecraft:glass_bottle":9,"minecraft:polished_andesite":7,"minecraft:baked_potato":167,"minecraft:stonecutter":4,"minecraft:cobblestone_slab":2,"minecraft:piston":6,"minecraft:wooden_hoe":3,"minecraft:activator_rail":7,"minecraft:apple":1,"minecraft:cracked_polished_blackstone_bricks":13,"minecraft:stone_axe":948,"minecraft:pink_petals":1,"minecraft:white_banner":7,"minecraft:bucket":159},"minecraft:picked_up":{"minecraft:iron_chestplate":1,"minecraft:lead":6,"minecraft:oak_stairs":1,"minecraft:enchanted_book":1,"minecraft:amethyst_block":308,"minecraft:string":80,"minecraft:shroomlight":7,"minecraft:beetroot":65,"minecraft:gold_nugget":284,"minecraft:cobbled_deepslate":1530,"minecraft:hopper_minecart":5,"minecraft:composter":30,"minecraft:acacia_log":81,"minecraft:cherry_log":33,"minecraft:cauldron":5,"minecraft:stone_sword":2,"minecraft:glowstone":79,"minecraft:blaze_rod":27,"minecraft:birch_log":37,"minecraft:feather":12,"minecraft:acacia_leaves":87,"minecraft:flint":56,"minecraft:lantern":15,"minecraft:stonecutter":4,"minecraft:diamond_helmet":1,"minecraft:glowstone_dust":107,"minecraft:ink_sac":17,"minecraft:iron_hoe":1,"minecraft:polished_andesite":3,"minecraft:lever":9,"minecraft:granite":201,"minecraft:bread":6,"minecraft:crimson_roots":11,"minecraft:diamond_pickaxe":1,"minecraft:crafting_table":4,"minecraft:bee_nest":4,"minecraft:nether_wart":45,"minecraft:clay_ball":24,"minecraft:cornflower":6,"minecraft:flint_and_steel":1,"minecraft:iron_shovel":1,"minecraft:cracked_stone_bricks":4,"minecraft:beef":150,"minecraft:poppy":2,"minecraft:iron_nugget":13,"minecraft:minecart":45,"minecraft:quartz_stairs":34,"minecraft:chest":4,"minecraft:birch_sapling":2,"minecraft:piston":6,"minecraft:egg":17,"minecraft:copper_ore":2,"minecraft:stone":957,"minecraft:oak_door":1,"minecraft:fire_charge":4,"minecraft:carrot":129,"minecraft:redstone":174,"minecraft:stone_shovel":1,"minecraft:beetroot_seeds":102,"minecraft:peony":8,"minecraft:shears":1,"minecraft:deepslate_bricks":7,"minecraft:hay_block":62,"minecraft:gold_ingot":5,"minecraft:totem_of_undying":2,"minecraft:mutton":15,"minecraft:white_wool":66,"minecraft:rail":22,"minecraft:oxeye_daisy":6,"minecraft:stripped_oak_log":1,"minecraft:red_mushroom":1,"minecraft:oak_log":4977,"minecraft:ancient_debris":1,"minecraft:golden_boots":1,"minecraft:paper":9,"minecraft:white_banner":18,"minecraft:stone_bricks":15,"minecraft:apple":127,"minecraft:stone_pickaxe":3,"minecraft:oak_fence_gate":1,"minecraft:glass_bottle":4,"minecraft:iron_sword":1,"minecraft:smooth_basalt":3,"minecraft:sweet_berries":12,"minecraft:gravel":394,"minecraft:spruce_sapling":3,"minecraft:spruce_log":7,"minecraft:crying_obsidian":4,"minecraft:stone_axe":1,"minecraft:diamond_axe":1,"minecraft:oak_button":1,"minecraft:baked_potato":1,"minecraft:crimson_nylium":6,"minecraft:ender_pearl":9,"minecraft:wheat":164,"minecraft:redstone_block":2,"minecraft:potion":3,"minecraft:nether_brick":21,"minecraft:raw_copper":219,"minecraft:iron_leggings":2,"minecraft:oak_sign":1,"minecraft:activator_rail":1,"minecraft:bucket":1,"minecraft:white_tulip":1,"minecraft:redstone_torch":10,"minecraft:calcite":89,"minecraft:iron_pickaxe":1,"minecraft:iron_boots":1,"minecraft:stick":684,"minecraft:oak_fence":13,"minecraft:torch":137,"minecraft:porkchop":19,"minecraft:pointed_dripstone":54,"minecraft:diorite":113,"minecraft:vine":7,"minecraft:quartz_block":1,"minecraft:nether_gold_ore":109,"minecraft:rotten_flesh":174,"minecraft:obsidian":44,"minecraft:cobblestone":2613,"minecraft:pink_petals":360,"minecraft:lilac":3,"minecraft:cherry_planks":1,"minecraft:magma_cream":3,"minecraft:andesite":142,"minecraft:golden_leggings":1,"minecraft:potato":88,"minecraft:tuff":298,"minecraft:lapis_lazuli":317,"minecraft:dirt":7041,"minecraft:glass":116,"minecraft:bone":119,"minecraft:bow":5,"minecraft:orange_tulip":1,"minecraft:wheat_seeds":670,"minecraft:deepslate_brick_slab":19,"minecraft:raw_gold":58,"minecraft:grindstone":2,"minecraft:mossy_stone_bricks":10,"minecraft:fletching_table":13,"minecraft:powered_rail":2,"minecraft:oak_planks":191,"minecraft:ghast_tear":1,"minecraft:cooked_porkchop":18,"minecraft:sand":1925,"minecraft:grass_block":6,"minecraft:spectral_arrow":30,"minecraft:mossy_cobblestone":13,"minecraft:sugar":5,"minecraft:clay":1,"minecraft:diamond":17,"minecraft:cracked_polished_blackstone_bricks":23,"minecraft:crossbow":5,"minecraft:bone_meal":6,"minecraft:white_concrete":252,"minecraft:emerald":15,"minecraft:oak_sapling":897,"minecraft:netherrack":2686,"minecraft:oak_leaves":489,"minecraft:azure_bluet":8,"minecraft:chicken":10,"minecraft:wooden_pickaxe":1,"minecraft:gold_block":2,"minecraft:shield":4,"minecraft:oak_trapdoor":9,"minecraft:iron_axe":6,"minecraft:quartz_slab":1,"minecraft:blackstone":75,"minecraft:oak_boat":10,"minecraft:lectern":102,"minecraft:sugar_cane":967,"minecraft:lime_wool":1,"minecraft:raw_iron":220,"minecraft:polished_blackstone_bricks":36,"minecraft:quartz_pillar":3,"minecraft:stone_pressure_plate":2,"minecraft:weeping_vines":2,"minecraft:arrow":114,"minecraft:pink_tulip":2,"minecraft:saddle":1,"minecraft:basalt":2,"minecraft:golden_carrot":9,"minecraft:crimson_stem":14,"minecraft:glow_ink_sac":4,"minecraft:salmon":16,"minecraft:leather":103,"minecraft:crimson_fungus":1,"minecraft:chainmail_chestplate":1,"minecraft:nether_wart_block":66,"minecraft:gunpowder":50,"minecraft:red_carpet":26,"minecraft:iron_ingot":28,"minecraft:polished_andesite_slab":1,"minecraft:soul_sand":47,"minecraft:acacia_sapling":4,"minecraft:book":3,"minecraft:oak_slab":6,"minecraft:nether_quartz_ore":34,"minecraft:chiseled_stone_bricks":151,"minecraft:stone_brick_slab":30,"minecraft:quartz":957,"minecraft:dandelion":13,"minecraft:raw_iron_block":1,"minecraft:dripstone_block":8,"minecraft:amethyst_shard":276,"minecraft:blast_furnace":15,"minecraft:white_bed":37,"minecraft:spider_eye":43,"minecraft:white_concrete_powder":95,"minecraft:campfire":4,"minecraft:cherry_sapling":12,"minecraft:acacia_slab":12,"minecraft:coal":860},"minecraft:crafted":{"minecraft:smooth_stone":3,"minecraft:chainmail_helmet":9,"minecraft:oak_sign":9,"minecraft:blaze_powder":10,"minecraft:loom":1,"minecraft:lever":3,"minecraft:diamond_shovel":5,"minecraft:bookshelf":21,"minecraft:cooked_mutton":2,"minecraft:quartz_block":153,"minecraft:glass":1486,"minecraft:diamond_helmet":5,"minecraft:diamond_leggings":2,"minecraft:name_tag":1,"minecraft:glass_bottle":12,"minecraft:redstone_lamp":4,"minecraft:emerald":1900,"minecraft:cooked_porkchop":4,"minecraft:diamond_axe":7,"minecraft:acacia_slab":12,"minecraft:smithing_table":2,"minecraft:fletching_table":3,"minecraft:campfire":1,"minecraft:cartography_table":1,"minecraft:lectern":4,"minecraft:wooden_hoe":1,"minecraft:stone_slab":6,"minecraft:iron_pickaxe":2,"minecraft:iron_block":7,"minecraft:gold_ingot":63,"minecraft:golden_carrot":2,"minecraft:stone_shovel":1,"minecraft:iron_nugget":83,"minecraft:bone_meal":48,"minecraft:white_carpet":6,"minecraft:lantern":12,"minecraft:stone_pickaxe":8,"minecraft:diamond_boots":2,"minecraft:quartz_slab":4,"minecraft:redstone_block":4,"minecraft:wheat":558,"minecraft:coal_block":41,"minecraft:crossbow":23,"minecraft:enchanting_table":1,"minecraft:deepslate_brick_slab":16,"minecraft:acacia_trapdoor":2,"minecraft:lily_pad":2,"minecraft:red_carpet":35,"minecraft:glowstone":39,"minecraft:enchanted_book":23,"minecraft:oak_fence_gate":1,"minecraft:golden_apple":19,"minecraft:iron_leggings":11,"minecraft:white_bed":10,"minecraft:lime_wool":16,"minecraft:brick":104,"minecraft:grindstone":1,"minecraft:oak_planks":19830,"minecraft:quartz_bricks":1,"minecraft:cooked_chicken":7,"minecraft:stone":11,"minecraft:hopper":17,"minecraft:stone_brick_slab":8,"minecraft:bow":21,"minecraft:iron_boots":1,"minecraft:chest":51,"minecraft:oak_button":1,"minecraft:rail":160,"minecraft:stone_hoe":3,"minecraft:ender_eye":7,"minecraft:stone_bricks":76,"minecraft:oak_fence":126,"minecraft:golden_boots":1,"minecraft:quartz_stairs":8,"minecraft:oak_slab":18,"minecraft:arrow":520,"minecraft:cauldron":1,"minecraft:crafting_table":11,"minecraft:spruce_planks":28,"minecraft:iron_helmet":21,"minecraft:wooden_pickaxe":1,"minecraft:chainmail_chestplate":6,"minecraft:red_wool":22,"minecraft:hopper_minecart":5,"minecraft:birch_planks":24,"minecraft:brewing_stand":2,"minecraft:book":88,"minecraft:iron_chestplate":1,"minecraft:paper":882,"minecraft:diamond_pickaxe":6,"minecraft:charcoal":1,"minecraft:shield":3,"minecraft:stick":38565,"minecraft:iron_ingot":131,"minecraft:stone_sword":3,"minecraft:redstone_torch":20,"minecraft:shears":14,"minecraft:cherry_planks":132,"minecraft:redstone":30,"minecraft:raw_iron":9,"minecraft:coal":27,"minecraft:furnace":7,"minecraft:blast_furnace":3,"minecraft:piston":6,"minecraft:glass_pane":528,"minecraft:oak_trapdoor":16,"minecraft:flint_and_steel":1,"minecraft:white_concrete_powder":264,"minecraft:iron_axe":91,"minecraft:iron_hoe":1,"minecraft:slime_ball":5,"minecraft:minecart":7,"minecraft:cooked_beef":106,"minecraft:red_dye":65,"minecraft:diamond_sword":2,"minecraft:powered_rail":30,"minecraft:activator_rail":6,"minecraft:bell":1,"minecraft:bucket":4,"minecraft:stone_axe":14,"minecraft:amethyst_block":72,"minecraft:bread":190,"minecraft:air":0,"minecraft:oak_boat":2,"minecraft:gold_nugget":18,"minecraft:white_dye":33,"minecraft:anvil":2,"minecraft:acacia_planks":324,"minecraft:torch":228,"minecraft:lapis_lazuli":13,"minecraft:diamond_chestplate":2},"minecraft:custom":{"minecraft:interact_with_crafting_table":299,"minecraft:leave_game":100,"minecraft:time_since_death":3165155,"minecraft:play_time":3172682,"minecraft:deaths":1,"minecraft:jump":57907,"minecraft:enchant_item":18,"minecraft:interact_with_furnace":255,"minecraft:traded_with_villager":2646,"minecraft:sleep_in_bed":201,"minecraft:damage_dealt":41926,"minecraft:use_cauldron":30,"minecraft:interact_with_anvil":41,"minecraft:inspect_hopper":75,"minecraft:sneak_time":397504,"minecraft:interact_with_blast_furnace":4,"minecraft:total_world_time":3172682,"minecraft:interact_with_stonecutter":49,"minecraft:time_since_rest":60603,"minecraft:swim_one_cm":353511,"minecraft:fly_one_cm":13706497,"minecraft:open_chest":2119,"minecraft:fall_one_cm":1586499,"minecraft:animals_bred":59,"minecraft:sprint_one_cm":6731454,"minecraft:drop":2260,"minecraft:talked_to_villager":789,"minecraft:interact_with_brewingstand":12,"minecraft:walk_on_water_one_cm":248067,"minecraft:interact_with_loom":1,"minecraft:crouch_one_cm":1678093,"minecraft:mob_kills":514,"minecraft:climb_one_cm":4012,"minecraft:walk_one_cm":8684268,"minecraft:raid_win":2,"minecraft:walk_under_water_one_cm":573337,"minecraft:boat_one_cm":68972,"minecraft:interact_with_grindstone":15,"minecraft:damage_taken":8320,"minecraft:minecart_one_cm":176045},"minecraft:killed_by":{"minecraft:creeper":1},"minecraft:mined":{"minecraft:dark_oak_planks":1,"minecraft:white_bed":33,"minecraft:cherry_log":33,"minecraft:obsidian":51,"minecraft:granite":196,"minecraft:acacia_log":83,"minecraft:deepslate_bricks":7,"minecraft:crimson_fungus":1,"minecraft:nether_wart":31,"minecraft:oxeye_daisy":3,"minecraft:chiseled_stone_bricks":166,"minecraft:spawner":1,"minecraft:polished_blackstone_bricks":36,"minecraft:weeping_vines_plant":12,"minecraft:cobbled_deepslate":44,"minecraft:fire":24,"minecraft:fletching_table":13,"minecraft:deepslate_lapis_ore":10,"minecraft:oak_sign":1,"minecraft:water_cauldron":4,"minecraft:dirt_path":89,"minecraft:quartz_slab":1,"minecraft:oak_stairs":1,"minecraft:pink_tulip":2,"minecraft:white_banner":3,"minecraft:crimson_nylium":63,"minecraft:amethyst_cluster":32,"minecraft:torch":41,"minecraft:blast_furnace":15,"minecraft:glass":124,"minecraft:sugar_cane":652,"minecraft:amethyst_block":311,"minecraft:wheat":219,"minecraft:lilac":5,"minecraft:grass":666,"minecraft:oak_fence_gate":1,"minecraft:smooth_basalt":33,"minecraft:stonecutter":4,"minecraft:piston":6,"minecraft:deepslate":1862,"minecraft:mossy_cobblestone":13,"minecraft:crimson_roots":3,"minecraft:redstone_wire":21,"minecraft:lime_wool":1,"minecraft:white_concrete_powder":6,"minecraft:redstone_ore":4,"minecraft:acacia_trapdoor":1,"minecraft:andesite":182,"minecraft:potatoes":39,"minecraft:vine":8,"minecraft:rail":18,"minecraft:white_wool":6,"minecraft:redstone_block":2,"minecraft:soul_sand":48,"minecraft:stone_brick_slab":23,"minecraft:dandelion":7,"minecraft:cornflower":1,"minecraft:campfire":4,"minecraft:tall_grass":101,"minecraft:copper_ore":31,"minecraft:deepslate_gold_ore":41,"minecraft:diorite":142,"minecraft:spruce_log":8,"minecraft:birch_leaves":16,"minecraft:quartz_pillar":3,"minecraft:gravel":380,"minecraft:dripstone_block":11,"minecraft:cobweb":1,"minecraft:oak_button":1,"minecraft:stone_bricks":21,"minecraft:gold_ore":1,"minecraft:oak_sapling":7,"minecraft:farmland":22,"minecraft:budding_amethyst":1,"minecraft:grass_block":4021,"minecraft:cracked_polished_blackstone_bricks":24,"minecraft:white_concrete":268,"minecraft:soul_soil":1,"minecraft:composter":30,"minecraft:gilded_blackstone":1,"minecraft:raw_iron_block":1,"minecraft:glowstone":117,"minecraft:iron_ore":120,"minecraft:azure_bluet":5,"minecraft:pointed_dripstone":30,"minecraft:deepslate_redstone_ore":33,"minecraft:quartz_block":1,"minecraft:blackstone":74,"minecraft:clay":6,"minecraft:calcite":139,"minecraft:poppy":3,"minecraft:chest":4,"minecraft:nether_quartz_ore":450,"minecraft:cobblestone":76,"minecraft:grindstone":2,"minecraft:oak_planks":114,"minecraft:wall_torch":7,"minecraft:cauldron":1,"minecraft:pink_petals":164,"minecraft:seagrass":1,"minecraft:powered_rail":2,"minecraft:nether_wart_block":70,"minecraft:birch_log":25,"minecraft:activator_rail":1,"minecraft:orange_tulip":1,"minecraft:oak_log":5004,"minecraft:beetroots":183,"minecraft:sand":1971,"minecraft:dirt":3433,"minecraft:ancient_debris":1,"minecraft:netherrack":3876,"minecraft:oak_leaves":1880,"minecraft:nether_gold_ore":138,"minecraft:red_carpet":25,"minecraft:tuff":370,"minecraft:quartz_stairs":34,"minecraft:deepslate_diamond_ore":17,"minecraft:lever":6,"minecraft:weeping_vines":3,"minecraft:polished_andesite_slab":1,"minecraft:spruce_leaves":38,"minecraft:crimson_stem":12,"minecraft:hay_block":62,"minecraft:deepslate_brick_slab":2,"minecraft:oak_trapdoor":9,"minecraft:carrots":20,"minecraft:peony":11,"minecraft:gold_block":2,"minecraft:bookshelf":1,"minecraft:deepslate_iron_ore":49,"minecraft:shroomlight":7,"minecraft:lantern":3,"minecraft:stripped_oak_log":1,"minecraft:white_tulip":1,"minecraft:stone":3535,"minecraft:redstone_wall_torch":3,"minecraft:acacia_leaves":113,"minecraft:infested_stone_bricks":1,"minecraft:basalt":8,"minecraft:oak_fence":11,"minecraft:crafting_table":3,"minecraft:lectern":102,"minecraft:deepslate_coal_ore":2,"minecraft:lapis_ore":18,"minecraft:redstone_torch":6,"minecraft:sweet_berry_bush":3,"minecraft:white_wall_banner":1,"minecraft:bee_nest":4,"minecraft:coal_ore":516,"minecraft:cherry_leaves":8,"minecraft:cracked_stone_bricks":6,"minecraft:polished_andesite":3,"minecraft:mossy_stone_bricks":6},"minecraft:killed":{"minecraft:skeleton":59,"minecraft:chicken":9,"minecraft:magma_cube":19,"minecraft:salmon":12,"minecraft:pillager":22,"minecraft:zombie":77,"minecraft:glow_squid":4,"minecraft:cow":69,"minecraft:evoker":2,"minecraft:vindicator":18,"minecraft:wandering_trader":1,"minecraft:ravager":3,"minecraft:enderman":8,"minecraft:zombified_piglin":1,"minecraft:witch":7,"minecraft:spider":40,"minecraft:piglin_brute":2,"minecraft:piglin":6,"minecraft:pig":3,"minecraft:zombie_villager":4,"minecraft:creeper":41,"minecraft:sheep":11,"minecraft:trader_llama":6,"minecraft:ghast":3,"minecraft:blaze":23,"minecraft:drowned":3,"minecraft:hoglin":7,"minecraft:squid":5,"minecraft:wither_skeleton":10,"minecraft:villager":1}},"DataVersion":3465}