{"stats":{"minecraft:broken":{"minecraft:iron_shovel":1,"minecraft:golden_boots":1,"minecraft:stone_pickaxe":4,"minecraft:wooden_pickaxe":2,"minecraft:iron_axe":1,"minecraft:iron_pickaxe":2},"minecraft:custom":{"minecraft:animals_bred":5,"minecraft:interact_with_crafting_table":419,"minecraft:open_shulker_box":63,"minecraft:bell_ring":23,"minecraft:leave_game":67,"minecraft:time_since_death":160320,"minecraft:sprint_one_cm":6490181,"minecraft:damage_blocked_by_shield":4700,"minecraft:drop":237,"minecraft:talked_to_villager":84,"minecraft:play_time":2152601,"minecraft:deaths":60,"minecraft:jump":15928,"minecraft:interact_with_brewingstand":5,"minecraft:walk_on_water_one_cm":196487,"minecraft:enchant_item":9,"minecraft:interact_with_furnace":410,"minecraft:traded_with_villager":34,"minecraft:interact_with_loom":14,"minecraft:sleep_in_bed":93,"minecraft:open_enderchest":46,"minecraft:damage_dealt":45288,"minecraft:crouch_one_cm":17617,"minecraft:horse_one_cm":309523,"minecraft:interact_with_smithing_table":1,"minecraft:interact_with_anvil":59,"minecraft:mob_kills":269,"minecraft:inspect_hopper":74,"minecraft:climb_one_cm":93742,"minecraft:walk_one_cm":8846481,"minecraft:raid_win":2,"minecraft:sneak_time":15486,"minecraft:walk_under_water_one_cm":139086,"minecraft:interact_with_blast_furnace":3,"minecraft:total_world_time":2152601,"minecraft:raid_trigger":2,"minecraft:interact_with_stonecutter":35,"minecraft:interact_with_grindstone":2,"minecraft:time_since_rest":29127,"minecraft:damage_absorbed":282,"minecraft:damage_taken":30031,"minecraft:trigger_trapped_chest":7,"minecraft:minecart_one_cm":124041,"minecraft:swim_one_cm":335297,"minecraft:fly_one_cm":3895911,"minecraft:open_chest":794,"minecraft:aviate_one_cm":168329,"minecraft:fish_caught":18,"minecraft:fall_one_cm":242132},"minecraft:mined":{"minecraft:stone_pressure_plate":10,"minecraft:white_bed":2,"minecraft:oak_sapling":4,"minecraft:farmland":5,"minecraft:obsidian":7,"minecraft:granite":24,"minecraft:grass_block":331,"minecraft:composter":2,"minecraft:hopper":35,"minecraft:oak_wall_sign":4,"minecraft:spawner":2,"minecraft:smooth_stone":1,"minecraft:tall_seagrass":37,"minecraft:raw_iron_block":1,"minecraft:iron_ore":16,"minecraft:cobbled_deepslate":9,"minecraft:fire":5,"minecraft:anvil":1,"minecraft:deepslate_lapis_ore":9,"minecraft:azure_bluet":1,"minecraft:enchanting_table":1,"minecraft:dirt_path":4,"minecraft:oak_sign":1,"minecraft:oak_wall_hanging_sign":1,"minecraft:oak_stairs":19,"minecraft:white_shulker_box":13,"minecraft:tripwire":10,"minecraft:deepslate_redstone_ore":3,"minecraft:kelp_plant":89,"minecraft:torch":4,"minecraft:chest":1,"minecraft:glass":14,"minecraft:cobblestone":46,"minecraft:oak_planks":175,"minecraft:sugar_cane":28,"minecraft:iron_door":13,"minecraft:wall_torch":12,"minecraft:deepslate_copper_ore":1,"minecraft:seagrass":28,"minecraft:wheat":1370,"minecraft:stone_brick_stairs":147,"minecraft:grass":349,"minecraft:oak_log":492,"minecraft:beetroots":14,"minecraft:sand":21,"minecraft:dirt":389,"minecraft:netherrack":52,"minecraft:oak_leaves":2380,"minecraft:deepslate":271,"minecraft:tuff":47,"minecraft:oak_door":1,"minecraft:deepslate_diamond_ore":13,"minecraft:end_stone":390,"minecraft:shulker_box":13,"minecraft:glow_lichen":1,"minecraft:lever":3,"minecraft:ladder":31,"minecraft:stone_button":2,"minecraft:redstone_wire":3,"minecraft:spruce_leaves":6,"minecraft:kelp":9,"minecraft:redstone_ore":2,"minecraft:oak_trapdoor":2,"minecraft:heavy_weighted_pressure_plate":2,"minecraft:furnace":13,"minecraft:carrots":471,"minecraft:andesite":63,"minecraft:potatoes":488,"minecraft:deepslate_iron_ore":173,"minecraft:rail":1,"minecraft:stripped_oak_log":7,"minecraft:stone":901,"minecraft:ender_chest":5,"minecraft:acacia_leaves":1,"minecraft:magenta_stained_glass":3,"minecraft:stone_brick_slab":1,"minecraft:dandelion":1,"minecraft:cornflower":1,"minecraft:crafting_table":6,"minecraft:copper_ore":19,"minecraft:tall_grass":69,"minecraft:deepslate_gold_ore":32,"minecraft:lapis_ore":8,"minecraft:diorite":6,"minecraft:trapped_chest":1,"minecraft:sweet_berry_bush":1,"minecraft:white_wall_banner":6,"minecraft:bee_nest":1,"minecraft:coal_ore":102,"minecraft:end_rod":1,"minecraft:gravel":27,"minecraft:cobweb":60,"minecraft:oak_button":2,"minecraft:stone_bricks":25,"minecraft:gold_ore":1},"minecraft:picked_up":{"minecraft:shulker_shell":4,"minecraft:iron_chestplate":14,"minecraft:wheat":1376,"minecraft:ender_chest":8,"minecraft:anvil":1,"minecraft:diamond_sword":7,"minecraft:oak_stairs":19,"minecraft:potion":8,"minecraft:stone_brick_stairs":285,"minecraft:string":371,"minecraft:raw_copper":252,"minecraft:oak_hanging_sign":1,"minecraft:iron_leggings":8,"minecraft:pufferfish":3,"minecraft:oak_sign":5,"minecraft:beetroot":18,"minecraft:diamond_leggings":5,"minecraft:smooth_stone":1,"minecraft:gold_nugget":206,"minecraft:cobbled_deepslate":320,"minecraft:bucket":6,"minecraft:iron_pickaxe":8,"minecraft:iron_boots":13,"minecraft:furnace":13,"minecraft:stick":201,"minecraft:composter":2,"minecraft:torch":180,"minecraft:porkchop":30,"minecraft:dried_kelp":11,"minecraft:diorite":12,"minecraft:golden_chestplate":3,"minecraft:black_dye":1,"minecraft:stone_sword":11,"minecraft:rotten_flesh":238,"minecraft:tropical_fish":5,"minecraft:obsidian":9,"minecraft:cod":16,"minecraft:cobblestone":1400,"minecraft:enchanting_table":1,"minecraft:cooked_beef":55,"minecraft:feather":25,"minecraft:lilac":1,"minecraft:iron_door":18,"minecraft:water_bucket":10,"minecraft:andesite":105,"minecraft:potato":2316,"minecraft:flint":22,"minecraft:tuff":59,"minecraft:lapis_lazuli":439,"minecraft:dirt":1468,"minecraft:glass":14,"minecraft:bone":106,"minecraft:bow":28,"minecraft:wheat_seeds":3988,"minecraft:raw_gold":41,"minecraft:mossy_stone_bricks":6,"minecraft:diamond_helmet":21,"minecraft:glowstone_dust":1,"minecraft:powered_rail":3,"minecraft:oak_planks":349,"minecraft:cooked_porkchop":32,"minecraft:poisonous_potato":27,"minecraft:sand":52,"minecraft:ink_sac":1,"minecraft:trapped_chest":1,"minecraft:shulker_box":13,"minecraft:iron_hoe":12,"minecraft:polished_andesite":4,"minecraft:sugar":8,"minecraft:diamond":15,"minecraft:lever":9,"minecraft:crossbow":16,"minecraft:granite":32,"minecraft:bone_meal":76,"minecraft:golden_apple":33,"minecraft:emerald":37,"minecraft:bread":751,"minecraft:oak_sapling":228,"minecraft:netherrack":370,"minecraft:chorus_fruit":48,"minecraft:oak_leaves":159,"minecraft:diamond_pickaxe":17,"minecraft:fishing_rod":3,"minecraft:crafting_table":7,"minecraft:azure_bluet":2,"minecraft:chicken":10,"minecraft:ladder":31,"minecraft:wooden_pickaxe":7,"minecraft:purpur_block":1,"minecraft:shield":18,"minecraft:dragon_breath":2,"minecraft:heavy_weighted_pressure_plate":2,"minecraft:cornflower":3,"minecraft:stone_stairs":1,"minecraft:oak_trapdoor":9,"minecraft:elytra":2,"minecraft:iron_axe":4,"minecraft:wooden_sword":7,"minecraft:flint_and_steel":7,"minecraft:item_frame":2,"minecraft:iron_shovel":12,"minecraft:beef":2,"minecraft:poppy":5,"minecraft:minecart":11,"minecraft:sugar_cane":52,"minecraft:chest":1,"minecraft:phantom_membrane":1,"minecraft:egg":6,"minecraft:raw_iron":223,"minecraft:end_stone":578,"minecraft:stone":30,"minecraft:oak_door":9,"minecraft:copper_ingot":6,"minecraft:fire_charge":1,"minecraft:stone_button":2,"minecraft:carrot":2772,"minecraft:redstone":32,"minecraft:stone_pressure_plate":15,"minecraft:arrow":624,"minecraft:weeping_vines":1,"minecraft:stone_shovel":2,"minecraft:diamond_chestplate":7,"minecraft:beetroot_seeds":44,"minecraft:diamond_boots":10,"minecraft:saddle":3,"minecraft:totem_of_undying":1,"minecraft:white_shulker_box":14,"minecraft:mutton":21,"minecraft:rail":10,"minecraft:white_wool":13,"minecraft:stripped_oak_log":7,"minecraft:golden_carrot":8,"minecraft:glow_ink_sac":6,"minecraft:crimson_stem":1,"minecraft:salmon":48,"minecraft:leather":5,"minecraft:crimson_fungus":2,"minecraft:oak_log":507,"minecraft:chainmail_chestplate":8,"minecraft:lily_pad":1,"minecraft:golden_boots":16,"minecraft:gunpowder":21,"minecraft:cobblestone_stairs":6,"minecraft:wooden_hoe":5,"minecraft:white_banner":15,"minecraft:apple":51,"minecraft:stone_bricks":54,"minecraft:kelp":897,"minecraft:iron_ingot":408,"minecraft:stone_pickaxe":10,"minecraft:glass_bottle":6,"minecraft:iron_sword":18,"minecraft:book":3,"minecraft:nether_quartz_ore":1,"minecraft:sweet_berries":3,"minecraft:stone_brick_slab":7,"minecraft:dandelion":3,"minecraft:raw_iron_block":2,"minecraft:gravel":82,"minecraft:spruce_sapling":1,"minecraft:white_bed":3,"minecraft:spider_eye":36,"minecraft:firework_rocket":12,"minecraft:diamond_shovel":4,"minecraft:iron_helmet":8,"minecraft:diamond_axe":11,"minecraft:gray_wool":3,"minecraft:oak_button":2,"minecraft:baked_potato":234,"minecraft:black_wool":2,"minecraft:coal":198,"minecraft:hopper":35,"minecraft:ender_pearl":18},"minecraft:killed_by":{"minecraft:creeper":9,"minecraft:ravager":2,"minecraft:vindicator":2,"minecraft:piglin":1,"minecraft:silverfish":1,"minecraft:zombie":8,"minecraft:spider":7,"minecraft:enderman":9,"minecraft:ender_dragon":2,"minecraft:skeleton":8},"minecraft:used":{"minecraft:beetroot":1,"minecraft:iron_shovel":674,"minecraft:elytra":1,"minecraft:ladder":38,"minecraft:poppy":5,"minecraft:oak_sign":6,"minecraft:shield":113,"minecraft:chest":9,"minecraft:stone":44,"minecraft:iron_sword":583,"minecraft:white_shulker_box":13,"minecraft:rotten_flesh":37,"minecraft:mutton":16,"minecraft:carrot":580,"minecraft:tuff":22,"minecraft:azure_bluet":2,"minecraft:milk_bucket":2,"minecraft:glass":14,"minecraft:lantern":1,"minecraft:stone_brick_stairs":229,"minecraft:stone_bricks":265,"minecraft:item_frame":2,"minecraft:bow":175,"minecraft:oak_sapling":200,"minecraft:furnace":16,"minecraft:cooked_cod":1,"minecraft:beetroot_seeds":14,"minecraft:egg":2,"minecraft:potato":753,"minecraft:golden_boots":10,"minecraft:diorite":5,"minecraft:diamond_boots":11,"minecraft:oak_planks":432,"minecraft:stone_pickaxe":657,"minecraft:ender_pearl":11,"minecraft:wooden_pickaxe":138,"minecraft:composter":4,"minecraft:sugar_cane":28,"minecraft:diamond_axe":608,"minecraft:blue_bed":1,"minecraft:oak_leaves":181,"minecraft:golden_apple":8,"minecraft:sand":1,"minecraft:loom":1,"minecraft:crossbow":25,"minecraft:end_stone":41,"minecraft:shears":163,"minecraft:lightning_rod":1,"minecraft:redstone_torch":3,"minecraft:lever":3,"minecraft:firework_rocket":14,"minecraft:stone_button":2,"minecraft:string":10,"minecraft:heavy_weighted_pressure_plate":3,"minecraft:bread":187,"minecraft:iron_door":17,"minecraft:gravel":11,"minecraft:diamond_sword":347,"minecraft:wooden_sword":33,"minecraft:andesite":1,"minecraft:poisonous_potato":1,"minecraft:oak_hanging_sign":2,"minecraft:bone_meal":45,"minecraft:experience_bottle":1,"minecraft:oak_trapdoor":4,"minecraft:enchanting_table":2,"minecraft:stone_sword":210,"minecraft:flint_and_steel":3,"minecraft:stone_shovel":38,"minecraft:redstone":3,"minecraft:ender_chest":6,"minecraft:cooked_chicken":1,"minecraft:netherrack":165,"minecraft:oak_door":3,"minecraft:torch":173,"minecraft:dirt":627,"minecraft:anvil":2,"minecraft:wheat":1,"minecraft:hopper":38,"minecraft:stone_stairs":1,"minecraft:diamond_helmet":4,"minecraft:shulker_box":12,"minecraft:golden_chestplate":1,"minecraft:granite":13,"minecraft:iron_hoe":581,"minecraft:stone_brick_slab":6,"minecraft:iron_axe":257,"minecraft:oak_stairs":135,"minecraft:totem_of_undying":1,"minecraft:diamond_chestplate":9,"minecraft:golden_carrot":5,"minecraft:beef":2,"minecraft:minecart":9,"minecraft:trapped_chest":1,"minecraft:stone_pressure_plate":14,"minecraft:cooked_beef":9,"minecraft:cobbled_deepslate":174,"minecraft:wheat_seeds":2139,"minecraft:cooked_mutton":2,"minecraft:water_bucket":25,"minecraft:chiseled_bookshelf":1,"minecraft:cobblestone_stairs":2,"minecraft:glass_bottle":4,"minecraft:baked_potato":106,"minecraft:fletching_table":1,"minecraft:stonecutter":1,"minecraft:glow_ink_sac":3,"minecraft:glow_item_frame":1,"minecraft:rail":2,"minecraft:crafting_table":16,"minecraft:white_bed":2,"minecraft:cod":1,"minecraft:book":3,"minecraft:oak_log":106,"minecraft:wooden_hoe":38,"minecraft:cornflower":1,"minecraft:diamond_pickaxe":980,"minecraft:apple":3,"minecraft:diamond_shovel":89,"minecraft:chicken":5,"minecraft:iron_pickaxe":811,"minecraft:oak_button":4,"minecraft:spruce_sapling":1,"minecraft:fishing_rod":67,"minecraft:cobblestone":135,"minecraft:potion":4,"minecraft:porkchop":6,"minecraft:white_banner":6,"minecraft:cooked_porkchop":3,"minecraft:bucket":27,"minecraft:stripped_oak_log":1,"minecraft:dandelion":3,"minecraft:diamond_leggings":3},"minecraft:killed":{"minecraft:cave_spider":10,"minecraft:zombified_piglin":1,"minecraft:witch":2,"minecraft:spider":30,"minecraft:shulker":6,"minecraft:skeleton":41,"minecraft:bee":1,"minecraft:chicken":6,"minecraft:silverfish":2,"minecraft:piglin":1,"minecraft:pig":1,"minecraft:zombie_villager":2,"minecraft:salmon":1,"minecraft:iron_golem":1,"minecraft:creeper":7,"minecraft:sheep":14,"minecraft:pillager":21,"minecraft:zombie":92,"minecraft:glow_squid":1,"minecraft:cow":1,"minecraft:horse":4,"minecraft:hoglin":6,"minecraft:enderman":7},"minecraft:crafted":{"minecraft:black_dye":1,"minecraft:oak_planks":1482,"minecraft:oak_sign":3,"minecraft:cooked_chicken":1,"minecraft:chain":2,"minecraft:lightning_rod":1,"minecraft:oak_hanging_sign":6,"minecraft:loom":1,"minecraft:stone":382,"minecraft:cobblestone_stairs":4,"minecraft:lever":1,"minecraft:nether_brick":16,"minecraft:heavy_weighted_pressure_plate":1,"minecraft:shulker_box":1,"minecraft:cooked_mutton":2,"minecraft:glass":4,"minecraft:hopper":3,"minecraft:diamond_leggings":1,"minecraft:iron_boots":1,"minecraft:stone_pressure_plate":5,"minecraft:chest":13,"minecraft:oak_button":2,"minecraft:iron_door":3,"minecraft:dried_kelp_block":70,"minecraft:stone_bricks":251,"minecraft:golden_boots":3,"minecraft:glass_bottle":3,"minecraft:item_frame":1,"minecraft:oak_slab":18,"minecraft:emerald":29,"minecraft:arrow":32,"minecraft:cooked_porkchop":6,"minecraft:crafting_table":14,"minecraft:glow_item_frame":1,"minecraft:wooden_pickaxe":6,"minecraft:baked_potato":159,"minecraft:copper_ingot":5,"minecraft:fletching_table":1,"minecraft:stone_brick_stairs":96,"minecraft:iron_chestplate":2,"minecraft:book":3,"minecraft:wooden_hoe":1,"minecraft:paper":18,"minecraft:charcoal":10,"minecraft:diamond_pickaxe":1,"minecraft:shield":4,"minecraft:stick":904,"minecraft:iron_ingot":179,"minecraft:iron_pickaxe":5,"minecraft:iron_block":3,"minecraft:stone_sword":3,"minecraft:gold_ingot":33,"minecraft:redstone_torch":3,"minecraft:composter":2,"minecraft:shears":1,"minecraft:polished_andesite":4,"minecraft:golden_carrot":9,"minecraft:wooden_sword":4,"minecraft:oak_door":3,"minecraft:stone_shovel":1,"minecraft:fishing_rod":1,"minecraft:tripwire_hook":2,"minecraft:iron_nugget":12,"minecraft:experience_bottle":1,"minecraft:furnace":4,"minecraft:stone_button":1,"minecraft:bone_meal":78,"minecraft:stone_stairs":1,"minecraft:oak_trapdoor":4,"minecraft:flint_and_steel":2,"minecraft:lantern":1,"minecraft:iron_axe":2,"minecraft:ladder":9,"minecraft:iron_hoe":2,"minecraft:stone_pickaxe":7,"minecraft:chiseled_bookshelf":1,"minecraft:diamond_boots":2,"minecraft:minecart":2,"minecraft:sugar":2,"minecraft:cooked_cod":1,"minecraft:crossbow":1,"minecraft:diamond_sword":1,"minecraft:enchanting_table":1,"minecraft:dried_kelp":337,"minecraft:iron_sword":3,"minecraft:blue_bed":1,"minecraft:nether_bricks":1,"minecraft:bucket":3,"minecraft:enchanted_book":1,"minecraft:bread":442,"minecraft:air":0,"minecraft:blue_dye":2,"minecraft:oak_boat":3,"minecraft:white_wool":16,"minecraft:golden_apple":1,"minecraft:gold_nugget":63,"minecraft:white_dye":2,"minecraft:oak_stairs":136,"minecraft:iron_shovel":2,"minecraft:stonecutter":1,"minecraft:iron_leggings":3,"minecraft:anvil":1,"minecraft:white_bed":4,"minecraft:torch":128,"minecraft:trapped_chest":1,"minecraft:firework_rocket":3},"minecraft:dropped":{"minecraft:crimson_stem":1,"minecraft:lapis_lazuli":63,"minecraft:diamond_axe":2,"minecraft:oak_log":5,"minecraft:cooked_porkchop":2,"minecraft:dirt":155,"minecraft:gold_nugget":3,"minecraft:phantom_membrane":1,"minecraft:sugar":2,"minecraft:gold_ingot":1,"minecraft:crimson_fungus":2,"minecraft:sugar_cane":3,"minecraft:cobbled_deepslate":2,"minecraft:wheat":1,"minecraft:rotten_flesh":8,"minecraft:oak_planks":32,"minecraft:end_stone":142,"minecraft:white_bed":3,"minecraft:salmon":1,"minecraft:carrot":6,"minecraft:arrow":2,"minecraft:bread":1,"minecraft:black_dye":1,"minecraft:wheat_seeds":102,"minecraft:lilac":1,"minecraft:poisonous_potato":15,"minecraft:iron_helmet":1,"minecraft:tropical_fish":1,"minecraft:golden_apple":2,"minecraft:stick":2,"minecraft:golden_carrot":2,"minecraft:torch":1,"minecraft:white_banner":1,"minecraft:stone_brick_slab":1,"minecraft:sweet_berries":3,"minecraft:raw_copper":4,"minecraft:iron_hoe":1,"minecraft:shulker_box":1,"minecraft:potato":7,"minecraft:andesite":4,"minecraft:oak_sapling":8,"minecraft:spider_eye":2,"minecraft:bow":1,"minecraft:stone_pickaxe":1,"minecraft:raw_gold":1,"minecraft:nether_quartz_ore":1}},"DataVersion":3465}